day,hour,minute,second,question,worker,answer,gt
0,0,0,0,411,24,2,2
0,0,0,0,336,8,1,1
0,0,0,0,411,9,2,2
0,0,0,0,95,38,2,2
0,0,0,0,628,26,1,1
0,0,0,0,547,57,2,2
0,0,0,0,797,11,2,2
0,0,0,0,424,44,1,1
0,0,0,0,25,9,1,2
0,0,0,0,641,60,1,2
0,0,0,0,587,4,2,2
0,0,0,0,800,17,1,1
0,0,0,0,25,8,1,2
0,0,0,0,316,73,1,1
0,0,0,0,605,44,2,2
0,0,0,0,364,7,1,1
0,0,0,0,422,28,1,1
0,0,0,0,785,9,2,2
0,0,0,0,550,28,1,1
0,0,0,0,713,7,2,2
0,0,0,0,710,6,1,1
0,0,0,0,148,28,1,1
0,0,0,0,164,32,1,1
0,0,0,0,400,15,1,1
0,0,0,0,641,32,1,2
0,0,0,0,400,9,1,1
0,0,0,0,755,9,2,2
0,0,0,0,736,15,2,1
0,0,0,0,69,8,2,2
0,0,0,0,239,48,2,2
0,0,0,0,481,8,2,2
0,0,0,0,272,7,1,1
0,0,0,0,170,55,1,1
0,0,0,0,87,8,2,2
0,0,0,0,252,7,1,1
0,0,0,0,504,7,1,1
0,0,0,0,53,4,2,2
0,0,0,0,784,13,2,1
0,0,0,0,710,13,1,1
0,0,0,0,386,4,1,1
0,0,0,0,170,73,1,1
0,0,0,0,15,28,1,2
0,0,0,0,481,17,2,2
0,0,0,0,389,33,2,2
0,0,0,0,702,4,1,1
0,0,0,0,685,36,2,2
0,0,0,0,538,15,2,1
0,0,0,0,799,28,2,2
0,0,0,0,591,7,1,2
0,0,0,0,252,6,1,1
0,0,0,0,620,64,1,1
0,0,0,0,537,6,2,2
0,0,0,0,366,6,1,1
0,0,0,0,283,10,1,2
0,0,0,0,389,11,2,2
0,0,0,0,458,13,1,1
0,0,0,0,179,4,2,2
0,0,0,0,391,4,2,2
0,0,0,0,234,15,1,1
0,0,0,0,476,113,2,1
0,0,0,0,791,8,2,2
0,0,0,0,229,33,1,2
0,0,0,0,110,6,2,1
0,0,0,0,615,19,2,2
0,0,0,0,198,19,2,1
0,0,0,0,273,4,2,2
0,0,0,0,158,44,1,1
0,0,0,0,254,17,2,1
0,0,0,0,525,55,2,2
0,0,0,0,44,19,1,1
0,0,0,0,609,8,1,2
0,0,0,0,43,8,2,2
0,0,0,0,762,7,1,1
0,0,0,0,751,24,1,2
0,0,0,0,145,13,1,2
0,0,0,0,628,9,1,1
0,0,0,0,481,19,2,2
0,0,0,0,795,52,1,2
0,0,0,0,187,19,2,2
0,0,0,0,800,6,1,1
0,0,0,0,794,4,1,1
0,0,0,0,42,7,2,1
0,0,0,0,702,58,1,1
0,0,0,0,416,19,1,1
0,0,0,0,480,4,1,1
0,0,0,0,253,11,1,2
0,0,0,0,229,7,1,2
0,0,0,0,636,44,1,1
0,0,0,0,95,13,2,2
0,0,0,0,100,47,1,1
0,0,0,0,223,6,2,2
0,0,0,0,32,11,1,1
0,0,0,0,795,32,1,2
0,0,0,0,53,7,2,2
0,0,0,0,90,6,1,1
0,0,0,0,587,28,2,2
0,0,0,0,790,11,1,1
0,0,0,0,428,34,1,1
0,0,0,0,772,19,1,1
0,0,0,0,487,19,1,2
0,0,0,0,320,6,1,1
0,0,0,0,626,15,1,1
0,0,0,0,566,38,1,1
0,0,0,0,93,17,2,2
0,0,0,0,791,60,2,2
0,0,0,0,85,28,1,2
0,0,0,0,548,19,1,1
0,0,0,0,349,7,2,2
0,0,0,0,73,50,2,2
0,0,0,0,241,17,1,2
0,0,0,0,691,60,2,2
0,0,0,0,210,6,1,1
0,0,0,0,183,7,2,2
0,0,0,0,322,10,1,1
0,0,0,0,694,10,1,1
0,0,0,0,173,26,2,2
0,0,0,0,1,9,2,2
0,0,0,0,337,15,2,2
0,0,0,0,742,8,1,1
0,0,0,0,772,17,1,1
0,0,0,0,71,13,2,2
0,0,0,0,18,24,1,1
0,0,0,0,262,36,1,1
0,0,0,0,268,6,1,1
0,0,0,0,670,26,2,1
0,0,0,0,440,11,2,1
0,0,0,0,143,47,2,2
0,0,0,0,204,28,1,1
0,0,0,0,392,26,1,1
0,0,0,0,436,13,1,1
0,0,0,0,65,34,2,2
0,0,0,0,15,24,1,2
0,0,0,0,203,32,2,2
0,0,0,0,631,4,2,2
0,0,0,0,423,9,1,2
0,0,0,0,323,9,2,2
0,0,0,0,198,7,2,1
0,0,0,0,453,10,2,2
0,0,0,0,373,7,2,2
0,0,0,0,122,19,1,1
0,0,0,0,691,13,2,2
0,0,0,0,305,33,2,2
0,0,0,0,15,36,1,2
0,0,0,0,403,4,2,2
0,0,0,0,775,7,2,2
0,0,0,0,322,58,1,1
0,0,0,0,122,58,1,1
0,0,0,0,466,10,1,1
0,0,0,0,171,9,2,2
0,0,0,0,362,26,2,1
0,0,0,0,542,13,1,1
0,0,0,0,566,34,1,1
0,0,0,0,655,11,2,2
0,0,0,0,622,6,1,1
0,0,0,0,478,28,1,1
0,0,0,0,342,26,2,1
0,0,0,0,497,32,2,2
0,0,0,0,332,15,2,1
0,0,0,0,704,45,1,1
0,0,0,0,784,8,2,1
0,0,0,0,171,32,2,2
0,0,0,0,281,19,2,2
0,0,0,0,470,17,1,1
0,0,0,0,548,17,1,1
0,0,0,0,789,50,2,2
0,0,0,0,291,15,2,2
0,0,0,0,72,10,1,1
0,0,0,0,290,13,1,1
0,0,0,0,408,38,1,1
0,0,0,0,408,4,1,1
0,0,0,0,304,6,2,1
0,0,0,0,39,24,2,2
0,0,0,0,668,50,1,1
0,0,0,0,73,7,2,2
0,0,0,0,676,13,1,1
0,0,0,0,263,47,2,2
0,0,0,0,85,47,1,2
0,0,0,0,105,32,1,2
0,0,0,0,227,15,1,2
0,0,0,0,700,7,2,1
0,0,0,0,412,33,2,1
0,0,0,0,297,4,2,2
0,0,0,0,446,7,1,1
0,0,0,0,311,4,2,2
0,0,0,0,187,6,2,2
0,0,0,0,311,103,2,2
0,0,0,0,355,6,2,2
0,0,0,0,610,26,1,1
0,0,0,0,193,8,2,2
0,0,0,0,241,32,1,2
0,0,0,0,633,33,1,2
0,0,0,0,690,36,1,1
0,0,0,0,506,8,1,1
0,0,0,0,85,10,1,2
0,0,0,0,591,24,1,2
0,0,0,0,668,10,1,1
0,0,0,0,43,47,2,2
0,0,0,0,330,19,2,1
0,0,0,0,228,11,1,1
0,0,0,0,316,33,1,1
0,0,0,0,407,36,1,2
0,0,0,0,730,26,1,1
0,0,0,0,246,26,1,1
0,0,0,0,356,9,2,1
0,0,0,0,646,45,2,1
0,0,0,0,24,17,1,1
0,0,0,0,356,4,2,1
0,0,0,0,518,26,1,1
0,0,0,0,71,60,2,2
0,0,0,0,667,34,2,2
0,0,0,0,479,8,2,2
0,0,0,0,379,11,1,2
0,0,0,0,117,6,1,2
0,0,0,0,229,4,1,2
0,0,0,0,317,26,2,2
0,0,0,0,705,32,2,2
0,0,0,0,475,38,2,2
0,0,0,0,355,9,2,2
0,0,0,0,325,13,2,2
0,0,0,0,375,15,2,2
0,0,0,0,346,6,1,1
0,0,0,0,723,47,2,2
0,0,0,0,749,6,1,2
0,0,0,0,679,24,2,2
0,0,0,0,573,95,2,2
0,0,0,0,234,13,1,1
0,0,0,0,72,11,1,1
0,0,0,0,175,19,2,2
0,0,0,0,27,19,2,2
0,0,0,0,587,19,2,2
0,0,0,0,31,4,2,2
0,0,0,0,354,9,1,1
0,0,0,0,733,38,2,2
0,0,0,0,458,38,1,1
0,0,0,0,452,4,2,1
0,0,0,0,120,33,1,1
0,0,0,0,647,34,2,2
0,0,0,0,547,32,2,2
0,0,0,0,302,13,1,1
0,0,0,0,71,8,2,2
0,0,0,0,231,13,2,2
0,0,0,0,472,58,1,1
0,0,0,0,57,8,2,2
0,0,0,0,29,36,1,2
0,0,0,0,179,45,2,2
0,0,0,0,305,17,2,2
0,0,0,0,379,10,1,2
0,0,0,0,590,63,1,1
0,0,0,0,183,6,2,2
0,0,0,0,62,7,2,1
0,0,0,0,257,4,1,2
0,0,0,0,722,38,1,1
0,0,0,0,626,55,1,1
0,0,0,0,351,11,2,2
0,0,0,0,586,7,2,1
0,0,0,0,688,6,2,1
0,0,0,0,346,7,1,1
0,0,0,0,406,13,1,1
0,0,0,0,314,24,1,1
0,0,0,0,259,4,1,2
0,0,0,0,392,8,1,1
0,0,0,0,475,19,2,2
0,0,0,0,584,24,1,1
0,0,0,0,250,26,2,1
0,0,0,0,308,28,2,1
0,0,0,0,298,6,1,1
0,0,0,0,212,34,2,1
0,0,0,0,24,34,1,1
0,0,0,0,690,48,1,1
0,0,0,0,82,7,1,1
0,0,0,0,221,24,2,2
0,0,0,0,261,8,1,2
0,0,0,0,686,8,2,1
0,0,0,0,528,13,1,1
0,0,0,0,27,45,2,2
0,0,0,0,232,32,2,1
0,0,0,0,638,7,1,1
0,0,0,0,744,33,1,1
0,0,0,0,340,17,2,1
0,0,0,0,255,4,2,2
0,0,0,0,580,19,2,1
0,0,0,0,148,10,1,1
0,0,0,0,313,8,2,2
0,0,0,0,293,6,2,2
0,0,0,0,572,4,1,1
0,0,0,0,506,15,1,1
0,0,0,0,63,33,1,2
0,0,0,0,194,8,1,1
0,0,0,0,469,10,2,2
0,0,0,0,322,11,1,1
0,0,0,0,220,24,2,1
0,0,0,0,326,15,1,1
0,0,0,0,799,11,2,2
0,0,0,0,140,8,1,1
0,0,0,0,279,4,2,2
0,0,0,0,461,4,2,2
0,0,0,0,755,17,2,2
0,0,0,0,773,34,1,2
0,0,0,0,61,113,1,2
0,0,0,0,651,9,2,2
0,0,0,0,270,60,1,1
0,0,0,0,163,17,1,2
0,0,0,0,471,49,1,2
0,0,0,0,447,19,2,2
0,0,0,0,315,10,2,2
0,0,0,0,582,10,1,1
0,0,0,0,498,26,1,1
0,0,0,0,477,7,2,2
0,0,0,0,394,44,1,1
0,0,0,0,603,8,1,2
0,0,0,0,356,26,2,1
0,0,0,0,194,94,1,1
0,0,0,0,207,28,2,2
0,0,0,0,496,6,2,1
0,0,0,0,623,7,1,2
0,0,0,0,698,24,1,1
0,0,0,0,712,6,1,1
0,0,0,0,86,7,1,1
0,0,0,0,612,8,1,1
0,0,0,0,736,26,2,1
0,0,0,0,206,49,1,1
0,0,0,0,233,4,2,2
0,0,0,0,93,13,2,2
0,0,0,0,671,7,1,2
0,0,0,0,428,4,1,1
0,0,0,0,261,28,1,2
0,0,0,0,138,9,1,1
0,0,0,0,331,45,2,2
0,0,0,0,153,47,1,2
0,0,0,0,580,7,2,1
0,0,0,0,736,8,2,1
0,0,0,0,60,11,1,1
0,0,0,0,673,28,2,2
0,0,0,0,503,6,1,2
0,0,0,0,501,11,2,2
0,0,0,0,103,6,2,2
0,0,0,0,253,34,1,2
0,0,0,0,501,38,2,2
0,0,0,0,677,15,1,2
0,0,0,0,369,38,2,2
0,0,0,0,477,6,2,2
0,0,0,0,109,26,2,2
0,0,0,0,775,60,2,2
0,0,0,0,672,38,1,1
0,0,0,0,782,47,1,1
0,0,0,0,34,48,2,1
0,0,0,0,477,106,2,2
0,0,0,0,373,10,2,2
0,0,0,0,196,44,1,1
0,0,0,0,259,11,1,2
0,0,0,0,437,36,1,2
0,0,0,0,129,17,2,2
0,0,0,0,288,28,1,1
0,0,0,0,454,7,2,1
0,0,0,0,506,4,1,1
0,0,0,0,301,7,2,2
0,0,0,0,470,50,1,1
0,0,0,0,17,6,2,2
0,0,0,0,726,13,2,1
0,0,0,0,219,45,2,2
0,0,0,0,675,33,1,2
0,0,0,0,269,9,2,2
0,0,0,0,258,8,1,1
0,0,0,0,22,9,1,1
0,0,0,0,447,28,2,2
0,0,0,0,124,36,1,1
0,0,0,0,65,7,2,2
0,0,0,0,784,7,2,1
0,0,0,0,9,6,1,2
0,0,0,0,732,36,1,1
0,0,0,0,632,26,2,1
0,0,0,0,137,11,2,2
0,0,0,0,648,13,2,1
0,0,0,0,114,24,2,1
0,0,0,0,648,9,2,1
0,0,0,0,162,34,1,1
0,0,0,0,250,9,2,1
0,0,0,0,420,8,1,1
0,0,0,0,78,33,1,1
0,0,0,0,300,82,1,1
0,0,0,0,432,17,1,1
0,0,0,0,769,26,2,2
0,0,0,0,112,7,2,1
0,0,0,0,753,10,1,2
0,0,0,0,556,17,1,1
0,0,0,0,468,47,1,1
0,0,0,0,89,13,1,2
0,0,0,0,518,57,1,1
0,0,0,0,220,55,2,1
0,0,0,0,228,17,1,1
0,0,0,0,405,4,2,2
0,0,0,0,223,11,2,2
0,0,0,0,449,71,2,2
0,0,0,0,791,33,2,2
0,0,0,0,591,26,1,2
0,0,0,0,559,4,1,2
0,0,0,0,556,33,1,1
0,0,0,0,769,7,2,2
0,0,0,0,629,11,2,2
0,0,0,0,659,24,2,2
0,0,0,0,278,7,1,1
0,0,0,0,788,10,1,1
0,0,0,0,630,33,1,1
0,0,0,0,397,10,2,2
0,0,0,0,511,52,1,2
0,0,0,0,334,32,1,1
0,0,0,0,791,11,2,2
0,0,0,0,539,7,2,2
0,0,0,0,48,36,2,1
0,0,0,0,604,34,1,1
0,0,0,0,136,9,1,1
0,0,0,0,511,4,1,2
0,0,0,0,182,6,1,1
0,0,0,0,230,58,1,1
0,0,0,0,205,9,2,2
0,0,0,0,698,4,1,1
0,0,0,0,504,17,1,1
0,0,0,0,606,10,1,1
0,0,0,0,599,11,2,2
0,0,0,0,444,10,1,1
0,0,0,0,755,6,2,2
0,0,0,0,667,28,2,2
0,0,0,0,315,9,2,2
0,0,0,0,560,9,2,1
0,0,0,0,600,4,1,1
0,0,0,0,656,6,1,1
0,0,0,0,232,64,2,1
0,0,0,0,56,13,2,1
0,0,0,0,651,6,2,2
0,0,0,0,715,7,2,2
0,0,0,0,649,13,2,2
0,0,0,0,734,26,2,1
0,0,0,0,516,4,2,1
0,0,0,0,563,28,2,2
0,0,0,0,471,6,1,2
0,0,0,0,626,11,1,1
0,0,0,0,725,34,2,2
0,0,0,0,110,13,2,1
0,0,0,0,141,15,1,2
0,0,0,0,560,50,2,1
0,0,0,0,769,11,2,2
0,0,0,0,612,10,1,1
0,0,0,0,69,11,2,2
0,0,0,0,348,24,1,1
0,0,0,0,717,15,2,2
0,0,0,0,665,6,2,2
0,0,0,0,288,4,1,1
0,0,0,0,104,4,1,1
0,0,0,0,337,11,2,2
0,0,0,0,622,26,1,1
0,0,0,0,285,45,2,2
0,0,0,0,479,10,2,2
0,0,0,0,729,120,2,2
0,0,0,0,476,10,2,1
0,0,0,0,781,33,2,2
0,0,0,0,160,6,1,1
0,0,0,0,687,6,2,2
0,0,0,0,630,17,1,1
0,0,0,0,111,26,1,2
0,0,0,0,372,8,2,1
0,0,0,0,427,81,2,2
0,0,0,0,613,6,1,2
0,0,0,0,449,8,2,2
0,0,0,0,107,4,2,2
0,0,0,0,212,17,2,1
0,0,0,0,114,13,2,1
0,0,0,0,293,11,2,2
0,0,0,0,111,9,1,2
0,0,0,0,13,11,2,2
0,0,0,0,75,17,1,2
0,0,0,0,236,34,2,1
0,0,0,0,150,10,1,1
0,0,0,0,25,7,1,2
0,0,0,0,482,26,2,1
0,0,0,0,120,10,1,1
0,0,0,0,301,11,2,2
0,0,0,0,85,9,1,2
0,0,0,0,257,6,1,2
0,0,0,0,503,8,1,2
0,0,0,0,588,57,1,1
0,0,0,0,689,24,2,2
0,0,0,0,461,8,2,2
0,0,0,0,391,6,2,2
0,0,0,0,75,10,1,2
0,0,0,0,653,28,2,2
0,0,0,0,345,11,2,2
0,0,0,0,461,6,2,2
0,0,0,0,141,9,1,2
0,0,0,0,14,38,1,1
0,0,0,0,491,26,2,2
0,0,0,0,177,4,1,2
0,0,0,0,499,28,2,2
0,0,0,0,365,17,1,2
0,0,0,0,285,6,2,2
0,0,0,0,667,10,2,2
0,0,0,0,13,10,2,2
0,0,0,0,796,11,1,1
0,0,0,0,705,71,2,2
0,0,0,0,263,11,2,2
0,0,0,0,34,9,2,1
0,0,0,0,153,52,1,2
0,0,0,0,725,9,2,2
0,0,0,0,269,24,2,2
0,0,0,0,701,6,2,2
0,0,0,0,314,58,1,1
0,0,0,0,735,50,2,2
0,0,0,0,133,17,2,2
0,0,0,0,794,9,1,1
0,0,0,0,113,8,2,2
0,0,0,0,290,38,1,1
0,0,0,0,756,49,1,1
0,0,0,0,232,6,2,1
0,0,0,0,513,8,2,2
0,0,0,0,523,17,2,2
0,0,0,0,258,28,1,1
0,0,0,0,623,19,1,2
0,0,0,0,761,19,2,2
0,0,0,0,292,11,1,1
0,0,0,0,167,10,2,2
0,0,0,0,242,19,1,1
0,0,0,0,656,4,1,1
0,0,0,0,227,26,1,2
0,0,0,0,699,6,2,2
0,0,0,0,749,9,1,2
0,0,0,0,443,50,2,2
0,0,0,0,159,7,1,2
0,0,0,0,308,15,2,1
0,0,0,0,712,7,1,1
0,0,0,0,268,45,1,1
0,0,0,0,592,63,1,1
0,0,0,0,409,32,2,2
0,0,0,0,783,7,2,2
0,0,0,0,526,7,2,1
0,0,0,0,572,33,1,1
0,0,0,0,788,4,1,1
0,0,0,0,142,33,1,1
0,0,0,0,790,10,1,1
0,0,0,0,591,6,1,2
0,0,0,0,422,47,1,1
0,0,0,0,579,36,2,2
0,0,0,0,580,15,2,1
0,0,0,0,530,13,2,1
0,0,0,0,433,24,2,2
0,0,0,0,334,28,1,1
0,0,0,0,311,6,2,2
0,0,0,0,329,58,2,2
0,0,0,0,539,63,2,2
0,0,0,0,599,44,2,2
0,0,0,0,665,13,2,2
0,0,0,0,727,33,2,2
0,0,0,0,787,13,1,2
0,0,0,0,188,9,2,1
0,0,0,0,415,48,2,2
0,0,0,0,685,13,2,2
0,0,0,0,721,47,2,2
0,0,0,0,107,9,2,2
0,0,0,0,365,15,1,2
0,0,0,0,766,9,1,1
0,0,0,0,238,13,2,1
0,0,0,0,510,28,1,1
0,0,0,0,639,19,2,2
0,0,0,0,42,9,2,1
0,0,0,0,648,15,2,1
0,0,0,0,116,7,1,1
0,0,0,0,403,7,2,2
0,0,0,0,324,28,1,1
0,0,0,0,67,71,2,2
0,0,0,0,519,8,2,2
0,0,0,0,760,52,1,1
0,0,0,0,122,4,1,1
0,0,0,0,667,24,2,2
0,0,0,0,308,13,2,1
0,0,0,0,378,15,1,1
0,0,0,0,583,10,2,2
0,0,0,0,187,11,2,2
0,0,0,0,759,19,2,2
0,0,0,0,50,15,1,1
0,0,0,0,358,19,1,1
0,0,0,0,131,19,2,2
0,0,0,0,489,50,2,2
0,0,0,0,54,19,1,1
0,0,0,0,702,15,1,1
0,0,0,0,619,48,2,2
0,0,0,0,696,8,1,1
0,0,0,0,583,26,2,2
0,0,0,0,284,19,1,1
0,0,0,0,482,8,2,1
0,0,0,0,147,11,2,2
0,0,0,0,742,17,1,1
0,0,0,0,620,10,1,1
0,0,0,0,126,9,1,1
0,0,0,0,197,4,2,2
0,0,0,0,731,28,2,2
0,0,0,0,100,19,1,1
0,0,0,0,743,6,2,2
0,0,0,0,66,7,1,1
0,0,0,0,262,7,1,1
0,0,0,0,241,19,1,2
0,0,0,0,227,44,1,2
0,0,0,0,207,50,2,2
0,0,0,0,503,36,1,2
0,0,0,0,298,28,1,1
0,0,0,0,191,13,2,2
0,0,0,0,148,4,1,1
0,0,0,0,17,26,2,2
0,0,0,0,81,26,2,2
0,0,0,0,75,8,1,2
0,0,0,0,401,17,2,2
0,0,0,0,316,6,1,1
0,0,0,0,162,8,1,1
0,0,0,0,250,50,2,1
0,0,0,0,285,10,2,2
0,0,0,0,333,7,2,2
0,0,0,0,698,15,1,1
0,0,0,0,594,13,1,1
0,0,0,0,611,4,2,2
0,0,0,0,45,28,2,2
0,0,0,0,183,9,2,2
0,0,0,0,735,49,2,2
0,0,0,0,768,11,1,1
0,0,0,0,520,9,2,1
0,0,0,0,44,13,1,1
0,0,0,0,371,44,2,2
0,0,0,0,352,44,1,1
0,0,0,0,341,10,2,2
0,0,0,0,671,6,1,2
0,0,0,0,714,17,2,1
0,0,0,0,603,13,1,2
0,0,0,0,38,10,1,1
0,0,0,0,411,4,2,2
0,0,0,0,608,7,1,1
0,0,0,0,245,6,2,2
0,0,0,0,83,57,2,2
0,0,0,0,434,15,2,1
0,0,0,0,734,8,2,1
0,0,0,0,614,10,2,1
0,0,0,0,190,19,2,1
0,0,0,0,485,32,2,2
0,0,0,0,211,9,2,2
0,0,0,0,781,8,2,2
0,0,0,0,731,19,2,2
0,0,0,0,638,15,1,1
0,0,0,0,721,8,2,2
0,0,0,0,575,34,1,2
0,0,0,0,220,48,2,1
0,0,0,0,437,63,1,2
0,0,0,0,344,26,2,1
0,0,0,0,419,10,2,2
0,0,0,0,525,57,2,2
0,0,0,0,793,36,2,2
0,0,0,0,446,47,1,1
0,0,0,0,401,13,2,2
0,0,0,0,175,17,2,2
0,0,0,0,596,33,1,1
0,0,0,0,696,9,1,1
0,0,0,0,369,11,2,2
0,0,0,0,382,7,2,1
0,0,0,0,600,17,1,1
0,0,0,0,307,33,2,2
0,0,0,0,144,11,1,1
0,0,0,0,207,6,2,2
0,0,0,0,236,45,2,1
0,0,0,0,778,55,1,1
0,0,0,0,28,17,2,1
0,0,0,0,19,8,2,2
0,0,0,0,293,24,2,2
0,0,0,0,555,7,2,2
0,0,0,0,227,28,1,2
0,0,0,0,9,17,1,2
0,0,0,0,685,11,2,2
0,0,0,0,434,4,2,1
0,0,0,0,315,19,2,2
0,0,0,0,263,6,2,2
0,0,0,0,559,10,1,2
0,0,0,0,84,4,1,1
0,0,0,0,645,28,2,2
0,0,0,0,21,64,2,2
0,0,0,0,369,4,2,2
0,0,0,0,449,28,2,2
0,0,0,0,528,106,1,1
0,0,0,0,746,13,1,1
0,0,0,0,401,10,2,2
0,0,0,0,463,17,2,2
0,0,0,0,398,32,1,1
0,0,0,0,759,15,2,2
0,0,0,0,485,116,2,2
0,0,0,0,759,7,2,2
0,0,0,0,642,11,1,1
0,0,0,0,523,45,2,2
0,0,0,0,705,8,2,2
0,0,0,0,326,44,1,1
0,0,0,0,597,36,1,2
0,0,0,0,239,28,2,2
0,0,0,0,313,10,2,2
0,0,0,0,434,34,2,1
0,0,0,0,732,19,1,1
0,0,0,0,624,9,1,1
0,0,0,0,632,9,2,1
0,0,0,0,168,24,2,1
0,0,0,0,656,94,1,1
0,0,0,0,489,36,2,2
0,0,0,0,247,19,2,2
0,0,0,0,719,15,2,2
0,0,0,0,446,15,1,1
0,0,0,0,798,48,1,1
0,0,0,0,753,48,1,2
0,0,0,0,777,47,2,2
0,0,0,0,297,13,2,2
0,0,0,0,530,33,2,1
0,0,0,0,318,45,1,1
0,0,0,0,462,17,1,1
0,0,0,0,63,9,1,2
0,0,0,0,43,9,2,2
0,0,0,0,127,33,2,2
0,0,0,0,125,48,2,2
0,0,0,0,682,6,1,1
0,0,0,0,402,4,1,1
0,0,0,0,259,8,1,2
0,0,0,0,522,6,1,1
0,0,0,0,661,58,2,2
0,0,0,0,509,63,2,2
0,0,0,0,462,13,1,1
0,0,0,0,576,26,2,1
0,0,0,0,400,10,1,1
0,0,0,0,345,28,2,2
0,0,0,0,213,4,1,2
0,0,0,0,168,17,2,1
0,0,0,0,409,8,2,2
0,0,0,0,434,10,2,1
0,0,0,0,275,10,2,2
0,0,0,0,37,11,2,2
0,0,0,0,176,13,1,1
0,0,0,0,86,15,1,1
0,0,0,0,272,45,1,1
0,0,0,0,655,4,2,2
0,0,0,0,544,24,1,1
0,0,0,0,681,24,1,2
0,0,0,0,768,8,1,1
0,0,0,0,97,28,2,2
0,0,0,0,199,19,2,2
0,0,0,0,562,11,1,1
0,0,0,0,38,36,1,1
0,0,0,0,447,47,2,2
0,0,0,0,691,10,2,2
0,0,0,0,502,7,2,1
0,0,0,0,204,7,1,1
0,0,0,0,715,49,2,2
0,0,0,0,88,7,2,1
0,0,0,0,546,7,1,1
0,0,0,0,200,9,1,1
0,0,0,0,728,7,1,1
0,0,0,0,442,34,2,1
0,0,0,0,575,4,1,2
0,0,0,0,590,55,1,1
0,0,0,0,572,10,1,1
0,0,0,0,377,47,2,2
0,0,0,0,20,11,1,1
0,0,0,0,80,8,2,1
0,0,0,0,350,34,1,1
0,0,0,0,110,97,2,1
0,0,0,0,702,13,1,1
0,0,0,0,231,8,2,2
0,0,0,0,610,24,1,1
0,0,0,0,289,57,1,2
0,0,0,0,622,13,1,1
0,0,0,0,404,11,2,1
0,0,0,0,439,4,2,2
0,0,0,0,38,6,1,1
0,0,0,0,104,11,1,1
0,0,0,0,332,19,2,1
0,0,0,0,763,10,2,2
0,0,0,0,135,8,1,2
0,0,0,0,601,26,2,2
0,0,0,0,3,34,2,2
0,0,0,0,780,26,1,1
0,0,0,0,636,4,1,1
0,0,0,0,509,24,2,2
0,0,0,0,150,34,1,1
0,0,0,0,180,9,1,1
0,0,0,0,678,38,1,1
0,0,0,0,420,13,1,1
0,0,0,0,664,7,1,1
0,0,0,0,172,32,2,1
0,0,0,0,610,7,1,1
0,0,0,0,26,7,1,1
0,0,0,0,355,13,2,2
0,0,0,0,209,4,2,2
0,0,0,0,356,63,2,1
0,0,0,0,758,33,1,1
0,0,0,0,308,24,2,1
0,0,0,0,240,36,1,1
0,0,0,0,78,24,1,1
0,0,0,0,703,34,1,2
0,0,0,0,609,17,2,2
0,0,0,0,314,19,1,1
0,0,0,0,202,24,1,1
0,0,0,0,677,8,1,2
0,0,0,0,420,6,1,1
0,0,0,0,354,57,1,1
0,0,0,0,68,8,2,1
0,0,0,0,64,17,1,1
0,0,0,0,449,50,2,2
0,0,0,0,636,60,1,1
0,0,0,0,501,34,2,2
0,0,0,0,416,8,1,1
0,0,0,0,543,9,2,2
0,0,0,0,301,52,2,2
0,0,0,0,288,36,1,1
0,0,0,0,659,11,2,2
0,0,0,0,283,64,1,2
0,0,0,0,442,60,2,1
0,0,0,0,191,8,2,2
0,0,0,0,713,44,2,2
0,0,0,0,64,7,1,1
0,0,0,0,368,9,2,1
0,0,0,0,333,19,2,2
0,0,0,0,120,4,1,1
0,0,0,0,148,6,1,1
0,0,0,0,175,10,2,2
0,0,0,0,505,9,2,2
0,0,0,0,369,33,2,2
0,0,0,0,706,15,1,1
0,0,0,0,21,6,2,2
0,0,0,0,187,15,2,2
0,0,0,0,475,33,2,2
0,0,0,0,769,4,2,2
0,0,0,0,383,17,1,2
0,0,0,0,503,55,1,2
0,0,0,0,558,45,1,1
0,0,0,0,285,19,2,2
0,0,0,0,202,17,1,1
0,0,0,0,340,10,2,1
0,0,0,0,72,7,1,1
0,0,0,0,58,11,1,1
0,0,0,0,520,36,2,1
0,0,0,0,96,4,1,1
0,0,0,0,381,57,2,2
0,0,0,0,13,7,2,2
0,0,0,0,352,10,1,1
0,0,0,0,168,26,2,1
0,0,0,0,735,45,2,2
0,0,0,0,406,11,1,1
0,0,0,0,685,33,2,2
0,0,0,0,722,4,1,1
0,0,0,0,644,24,1,1
0,0,0,0,280,19,2,1
0,0,0,0,542,7,1,1
0,0,0,0,35,28,2,2
0,0,0,0,751,11,1,2
0,0,0,0,112,60,2,1
0,0,0,0,376,7,1,1
0,0,0,0,376,9,1,1
0,0,0,0,295,24,2,2
0,0,0,0,451,4,2,2
0,0,0,0,640,24,1,1
0,0,0,0,255,32,2,2
0,0,0,0,374,15,1,1
0,0,0,0,215,36,1,2
0,0,0,0,598,7,1,1
0,0,0,0,112,45,2,1
0,0,0,0,496,15,1,1
0,0,0,0,248,10,1,1
0,0,0,0,443,26,2,2
0,0,0,0,435,47,1,2
0,0,0,0,186,28,1,1
0,0,0,0,277,28,2,2
0,0,0,0,1,26,2,2
0,0,0,0,442,8,2,1
0,0,0,0,415,71,2,2
0,0,0,0,401,6,2,2
0,0,0,0,603,82,1,2
0,0,0,0,600,13,1,1
0,0,0,0,150,38,1,1
0,0,0,0,67,6,2,2
0,0,0,0,81,49,2,2
0,0,0,0,709,55,2,2
0,0,0,0,631,6,2,2
0,0,0,0,35,32,2,2
0,0,0,0,622,15,1,1
0,0,0,0,81,32,2,2
0,0,0,0,574,13,1,1
0,0,0,0,377,13,2,2
0,0,0,0,298,60,1,1
0,0,0,0,642,8,1,1
0,0,0,0,87,44,2,2
0,0,0,0,449,57,2,2
0,0,0,0,569,38,2,2
0,0,0,0,62,48,2,1
0,0,0,0,606,64,1,1
0,0,0,0,135,7,1,2
0,0,0,0,2,8,2,1
0,0,0,0,721,26,2,2
0,0,0,0,114,8,2,1
0,0,0,0,258,26,1,1
0,0,0,0,714,28,2,1
0,0,0,0,217,4,2,2
0,0,0,0,59,52,2,2
0,0,0,0,125,45,2,2
0,0,0,0,577,9,2,2
0,0,0,0,388,8,1,1
0,0,0,0,266,71,1,1
0,0,0,0,92,15,2,1
0,0,0,0,438,19,1,1
0,0,0,0,542,6,1,1
0,0,0,0,149,8,2,2
0,0,0,0,443,15,2,2
0,0,0,0,597,26,1,2
0,0,0,0,112,10,2,1
0,0,0,0,513,15,2,2
0,0,0,0,193,7,2,2
0,0,0,0,386,17,1,1
0,0,0,0,727,44,2,2
0,0,0,0,541,10,2,2
0,0,0,0,5,49,2,2
0,0,0,0,334,4,1,1
0,0,0,0,58,32,1,1
0,0,0,0,618,10,1,1
0,0,0,0,612,7,1,1
0,0,0,0,522,15,1,1
0,0,0,0,17,8,2,2
0,0,0,0,4,44,2,1
0,0,0,0,472,10,1,1
0,0,0,0,319,45,2,2
0,0,0,0,529,10,2,2
0,0,0,0,726,38,2,1
0,0,0,0,142,45,1,1
0,0,0,0,432,6,1,1
0,0,0,0,295,19,2,2
0,0,0,0,357,4,2,2
0,0,0,0,262,82,1,1
0,0,0,0,547,26,2,2
0,0,0,0,268,57,1,1
0,0,0,0,348,9,1,1
0,0,0,0,724,11,1,1
0,0,0,0,790,9,1,1
0,0,0,0,551,8,2,2
0,0,0,0,569,15,2,2
0,0,0,0,204,10,1,1
0,0,0,0,78,10,1,1
0,0,0,0,389,9,2,2
0,0,0,0,513,9,2,2
0,0,0,0,474,6,1,1
0,0,0,0,196,28,1,1
0,0,0,0,578,55,1,1
0,0,0,0,195,11,1,2
0,0,0,0,399,17,2,2
0,0,0,0,560,11,2,1
0,0,0,0,531,36,1,2
0,0,0,0,424,47,1,1
0,0,0,0,505,10,2,2
0,0,0,0,790,45,1,1
0,0,0,0,18,28,1,1
0,0,0,0,758,11,1,1
0,0,0,0,60,58,1,1
0,0,0,0,59,17,2,2
0,0,0,0,120,8,1,1
0,0,0,0,290,9,1,1
0,0,0,0,233,32,2,2
0,0,0,0,725,7,2,2
0,0,0,0,7,44,2,2
0,0,0,0,38,55,1,1
0,0,0,0,328,8,2,1
0,0,0,0,669,58,1,2
0,0,0,0,486,4,1,1
0,0,0,0,780,33,1,1
0,0,0,0,105,9,1,2
0,0,0,0,128,58,2,1
0,0,0,0,438,60,1,1
0,0,0,0,663,15,2,2
0,0,0,0,138,4,1,1
0,0,0,0,618,7,1,1
0,0,0,0,623,9,2,2
0,0,0,0,136,52,1,1
0,0,0,0,231,94,2,2
0,0,0,0,573,26,2,2
0,0,0,0,745,11,2,2
0,0,0,0,72,33,1,1
0,0,0,0,137,10,2,2
0,0,0,0,772,8,1,1
0,0,0,0,13,6,2,2
0,0,0,0,13,13,2,2
0,0,0,0,650,7,2,1
0,0,0,0,354,4,1,1
0,0,0,0,186,4,1,1
0,0,0,0,219,24,2,2
0,0,0,0,403,8,2,2
0,0,0,0,449,17,2,2
0,0,0,0,83,24,2,2
0,0,0,0,593,9,1,2
0,0,0,0,451,11,2,2
0,0,0,0,763,4,2,2
0,0,0,0,403,36,2,2
0,0,0,0,581,10,2,2
0,0,0,0,36,13,2,1
0,0,0,0,251,26,2,2
0,0,0,0,422,13,1,1
0,0,0,0,761,15,2,2
0,0,0,0,295,26,2,2
0,0,0,0,288,8,1,1
0,0,0,0,586,9,2,1
0,0,0,0,726,19,2,1
0,0,0,0,54,13,1,1
0,0,0,0,135,15,1,2
0,0,0,0,427,33,2,2
0,0,0,0,258,9,1,1
0,0,0,0,287,10,2,2
0,0,0,0,16,9,1,1
0,0,0,0,683,6,2,2
0,0,0,0,128,9,2,1
0,0,0,0,167,9,2,2
0,0,0,0,548,34,1,1
0,0,0,0,582,6,1,1
0,0,0,0,793,58,2,2
0,0,0,0,389,24,2,2
0,0,0,0,370,24,2,1
0,0,0,0,780,4,1,1
0,0,0,0,154,9,1,1
0,0,0,0,797,17,2,2
0,0,0,0,280,8,2,1
0,0,0,0,456,9,2,1
0,0,0,0,790,71,1,1
0,0,0,0,26,8,1,1
0,0,0,0,255,34,2,2
0,0,0,0,405,52,2,2
0,0,0,0,281,32,2,2
0,0,0,0,504,4,1,1
0,0,0,0,84,13,1,1
0,0,0,0,575,24,1,2
0,0,0,0,657,32,2,2
0,0,0,0,691,45,2,2
0,0,0,0,313,13,2,2
0,0,0,0,732,55,1,1
0,0,0,0,379,17,1,2
0,0,0,0,632,10,2,1
0,0,0,0,200,17,1,1
0,0,0,0,194,48,1,1
0,0,0,0,712,32,1,1
0,0,0,0,785,13,2,2
0,0,0,0,660,33,2,1
0,0,0,0,72,15,1,1
0,0,0,0,700,8,2,1
0,0,0,0,612,19,1,1
0,0,0,0,337,7,2,2
0,0,0,0,131,17,2,2
0,0,0,0,466,8,1,1
0,0,0,0,717,10,2,2
0,0,0,0,160,11,1,1
0,0,0,0,719,32,2,2
0,0,0,0,567,13,2,2
0,0,0,0,602,8,1,1
0,0,0,0,196,24,1,1
0,0,0,0,753,4,1,2
0,0,0,0,449,106,2,2
0,0,0,0,495,34,2,2
0,0,0,0,532,4,1,1
0,0,0,0,757,34,2,2
0,0,0,0,410,17,2,1
0,0,0,0,197,28,2,2
0,0,0,0,160,4,1,1
0,0,0,0,144,38,1,1
0,0,0,0,770,10,1,1
0,0,0,0,565,10,2,2
0,0,0,0,796,55,1,1
0,0,0,0,157,11,1,2
0,0,0,0,546,4,1,1
0,0,0,0,344,13,2,1
0,0,0,0,219,11,2,2
0,0,0,0,586,57,2,1
0,0,0,0,178,34,2,1
0,0,0,0,712,10,1,1
0,0,0,0,756,19,1,1
0,0,0,0,637,8,2,2
0,0,0,0,496,52,1,1
0,0,0,0,786,19,1,1
0,0,0,0,514,26,2,1
0,0,0,0,312,6,1,1
0,0,0,0,268,24,1,1
0,0,0,0,756,4,1,1
0,0,0,0,226,48,2,1
0,0,0,0,101,81,1,2
0,0,0,0,29,9,1,2
0,0,0,0,135,4,1,2
0,0,0,0,669,10,1,2
0,0,0,0,661,7,2,2
0,0,0,0,641,34,1,2
0,0,0,0,427,10,2,2
0,0,0,0,278,10,1,1
0,0,0,0,688,26,1,1
0,0,0,0,34,24,2,1
0,0,0,0,603,24,1,2
0,0,0,0,791,10,2,2
0,0,0,0,455,6,2,2
0,0,0,0,136,10,1,1
0,0,0,0,616,7,2,1
0,0,0,0,146,6,1,1
0,0,0,0,380,11,1,1
0,0,0,0,312,7,1,1
0,0,0,0,750,11,2,1
0,0,0,0,448,45,1,1
0,0,0,0,512,6,1,1
0,0,0,0,120,6,1,1
0,0,0,0,486,7,1,1
0,0,0,0,636,6,1,1
0,0,0,0,203,24,2,2
0,0,0,0,692,15,2,1
0,0,0,0,692,17,2,1
0,0,0,0,217,48,2,2
0,0,0,0,780,45,1,1
0,0,0,0,413,47,2,2
0,0,0,0,704,15,1,1
0,0,0,0,390,6,2,1
0,0,0,0,592,9,1,1
0,0,0,0,753,17,1,2
0,0,0,0,147,13,2,2
0,0,0,0,134,10,1,1
0,0,0,0,533,9,2,2
0,0,0,0,3,4,2,2
0,0,0,0,721,17,2,2
0,0,0,0,767,9,2,2
0,0,0,0,169,28,2,2
0,0,0,0,445,9,2,2
0,0,0,0,387,15,1,2
0,0,0,0,467,7,2,2
0,0,0,0,717,64,2,2
0,0,0,0,11,8,2,2
0,0,0,0,652,111,1,1
0,0,0,0,463,19,2,2
0,0,0,0,717,6,2,2
0,0,0,0,536,38,1,1
0,0,0,0,668,8,1,1
0,0,0,0,707,7,1,2
0,0,0,0,148,8,1,1
0,0,0,0,191,6,2,2
0,0,0,0,719,11,2,2
0,0,0,0,282,4,1,1
0,0,0,0,688,19,1,1
0,0,0,0,282,49,1,1
0,0,0,0,630,19,1,1
0,0,0,0,235,17,2,2
0,0,0,0,517,52,2,2
0,0,0,0,251,24,2,2
0,0,0,0,645,6,2,2
0,0,0,0,483,13,2,2
0,0,0,0,714,15,2,1
0,0,0,0,173,11,2,2
0,0,0,0,585,17,2,2
0,0,0,0,421,19,2,2
0,0,0,0,685,7,2,2
0,0,0,0,560,63,2,1
0,0,0,0,365,24,1,2
0,0,0,0,582,7,1,1
0,0,0,0,645,4,2,2
0,0,0,0,533,7,2,2
0,0,0,0,166,44,1,1
0,0,0,0,246,7,1,1
0,0,0,0,225,17,2,2
0,0,0,0,4,4,2,1
0,0,0,0,212,7,2,1
0,0,0,0,790,6,1,1
0,0,0,0,330,64,2,1
0,0,0,0,655,10,2,2
0,0,0,0,598,4,1,1
0,0,0,0,621,47,1,2
0,0,0,0,210,36,1,1
0,0,0,0,680,28,1,1
0,0,0,0,299,32,2,2
0,0,0,0,577,11,2,2
0,0,0,0,732,32,1,1
0,0,0,0,417,8,2,2
0,0,0,0,194,73,1,1
0,0,0,0,376,10,1,1
0,0,0,0,417,24,2,2
0,0,0,0,136,15,1,1
0,0,0,0,594,10,1,1
0,0,0,0,255,8,2,2
0,0,0,0,468,10,1,1
0,0,0,0,757,7,2,2
0,0,0,0,756,13,1,1
0,0,0,0,660,11,2,1
0,0,0,0,734,10,2,1
0,0,0,0,118,19,1,1
0,0,0,0,6,8,1,1
0,0,0,0,746,17,1,1
0,0,0,0,687,19,2,2
0,0,0,0,513,17,2,2
0,0,0,0,627,9,2,2
0,0,0,0,766,10,1,1
0,0,0,0,717,8,2,2
0,0,0,0,580,32,2,1
0,0,0,0,12,8,1,1
0,0,0,0,115,15,1,2
0,0,0,0,763,9,2,2
0,0,0,0,329,4,2,2
0,0,0,0,262,45,1,1
0,0,0,0,481,24,2,2
0,0,0,0,516,38,2,1
0,0,0,0,2,6,2,1
0,0,0,0,269,6,2,2
0,0,0,0,351,4,2,2
0,0,0,0,601,4,2,2
0,0,0,0,499,58,2,2
0,0,0,0,673,9,2,2
0,0,0,0,149,4,2,2
0,0,0,0,517,4,2,2
0,0,0,0,480,17,1,1
0,0,0,0,47,10,2,2
0,0,0,0,277,4,2,2
0,0,0,0,133,33,2,2
0,0,0,0,105,10,1,2
0,0,0,0,699,57,2,2
0,0,0,0,336,82,1,1
0,0,0,0,774,28,1,1
0,0,0,0,71,45,2,2
0,0,0,0,678,19,1,1
0,0,0,0,510,4,1,1
0,0,0,0,259,101,1,2
0,0,0,0,438,9,1,1
0,0,0,0,742,33,1,1
0,0,0,0,460,47,1,1
0,0,0,0,174,17,1,1
0,0,0,0,226,13,2,1
0,0,0,0,711,8,2,2
0,0,0,0,155,38,2,2
0,0,0,0,507,17,2,2
0,0,0,0,653,11,2,2
0,0,0,0,769,15,2,2
0,0,0,0,294,10,2,1
0,0,0,0,653,48,2,2
0,0,0,0,158,58,1,1
0,0,0,0,430,38,1,1
0,0,0,0,276,17,1,1
0,0,0,0,109,10,2,2
0,0,0,0,696,38,1,1
0,0,0,0,598,36,1,1
0,0,0,0,658,33,2,1
0,0,0,0,222,10,1,1
0,0,0,0,266,6,1,1
0,0,0,0,238,7,2,1
0,0,0,0,702,11,1,1
0,0,0,0,439,44,2,2
0,0,0,0,659,26,2,2
0,0,0,0,681,49,1,2
0,0,0,0,81,17,2,2
0,0,0,0,638,11,1,1
0,0,0,0,323,49,2,2
0,0,0,0,127,10,2,2
0,0,0,0,143,8,2,2
0,0,0,0,593,26,1,2
0,0,0,0,748,52,1,1
0,0,0,0,130,38,1,1
0,0,0,0,342,15,2,1
0,0,0,0,622,47,1,1
0,0,0,0,536,32,1,1
0,0,0,0,477,44,2,2
0,0,0,0,713,10,2,2
0,0,0,0,127,8,2,2
0,0,0,0,62,24,2,1
0,0,0,0,627,17,2,2
0,0,0,0,535,17,2,2
0,0,0,0,447,103,2,2
0,0,0,0,533,4,2,2
0,0,0,0,265,34,2,2
0,0,0,0,54,24,1,1
0,0,0,0,231,15,2,2
0,0,0,0,680,47,1,1
0,0,0,0,373,33,2,2
0,0,0,0,248,17,1,1
0,0,0,0,773,47,1,2
0,0,0,0,100,9,1,1
0,0,0,0,170,24,1,1
0,0,0,0,249,7,2,2
0,0,0,0,195,44,1,2
0,0,0,0,794,15,1,1
0,0,0,0,327,34,1,2
0,0,0,0,391,82,2,2
0,0,0,0,656,47,1,1
0,0,0,0,577,4,2,2
0,0,0,0,338,4,1,1
0,0,0,0,388,17,1,1
0,0,0,0,347,17,2,2
0,0,0,0,424,28,1,1
0,0,0,0,721,55,2,2
0,0,0,0,440,15,2,1
0,0,0,0,542,19,1,1
0,0,0,0,472,26,1,1
0,0,0,0,724,6,1,1
0,0,0,0,509,19,2,2
0,0,0,0,630,11,1,1
0,0,0,0,134,8,1,1
0,0,0,0,565,15,2,2
0,0,0,0,658,7,2,1
0,0,0,0,450,9,2,1
0,0,0,0,79,19,2,2
0,0,0,0,245,7,2,2
0,0,0,0,301,33,2,2
0,0,0,0,295,7,2,2
0,0,0,0,455,28,2,2
0,0,0,0,658,10,2,1
0,0,0,0,221,13,2,2
0,0,0,0,114,10,2,1
0,0,0,0,399,9,2,2
0,0,0,0,40,26,1,1
0,0,0,0,128,24,2,1
0,0,0,0,341,4,2,2
0,0,0,0,576,8,2,1
0,0,0,0,719,13,2,2
0,0,0,0,394,17,1,1
0,0,0,0,457,38,2,2
0,0,0,0,500,45,1,1
0,0,0,0,487,7,1,2
0,0,0,0,152,26,1,1
0,0,0,0,418,9,2,1
0,0,0,0,715,10,2,2
0,0,0,0,534,26,1,1
0,0,0,0,689,4,2,2
0,0,0,0,280,32,2,1
0,0,0,0,2,47,2,1
0,0,0,0,187,28,2,2
0,0,0,0,744,24,1,1
0,0,0,0,363,7,2,2
0,0,0,0,80,9,2,1
0,0,0,0,737,4,2,2
0,0,0,0,364,32,1,1
0,0,0,0,10,9,1,1
0,0,0,0,392,10,1,1
0,0,0,0,299,19,2,2
0,0,0,0,646,6,2,1
0,0,0,0,19,17,2,2
0,0,0,0,527,44,1,2
0,0,0,0,216,4,1,1
0,0,0,0,754,94,1,1
0,0,0,0,416,26,1,1
0,0,0,0,454,9,2,1
0,0,0,0,14,73,1,1
0,0,0,0,561,4,1,2
0,0,0,0,153,34,1,2
0,0,0,0,323,8,2,2
0,0,0,0,663,8,2,2
0,0,0,0,128,49,2,1
0,0,0,0,379,8,1,2
0,0,0,0,151,9,2,2
0,0,0,0,535,10,2,2
0,0,0,0,173,36,2,2
0,0,0,0,669,19,1,2
0,0,0,0,330,11,2,1
0,0,0,0,490,15,2,1
0,0,0,0,676,82,1,1
0,0,0,0,185,28,2,2
0,0,0,0,24,7,1,1
0,0,0,0,618,44,1,1
0,0,0,0,720,64,1,1
0,0,0,0,330,6,2,1
0,0,0,0,664,4,1,1
0,0,0,0,205,45,2,2
0,0,0,0,525,26,2,2
0,0,0,0,230,7,1,1
0,0,0,0,74,64,1,1
0,0,0,0,687,7,2,2
0,0,0,0,739,28,1,2
0,0,0,0,523,6,2,2
0,0,0,0,450,6,2,1
0,0,0,0,733,17,2,2
0,0,0,0,536,34,1,1
0,0,0,0,571,15,2,2
0,0,0,0,686,13,2,1
0,0,0,0,100,32,1,1
0,0,0,0,763,8,2,2
0,0,0,0,344,11,2,1
0,0,0,0,421,8,2,2
0,0,0,0,307,10,2,2
0,0,0,0,457,52,2,2
0,0,0,0,558,28,1,1
0,0,0,0,495,17,2,2
0,0,0,0,457,101,2,2
0,0,0,0,331,24,2,2
0,0,0,0,411,6,2,2
0,0,0,0,431,26,2,2
0,0,0,0,796,34,1,1
0,0,0,0,23,11,2,2
0,0,0,0,535,11,2,2
0,0,0,0,103,19,2,2
0,0,0,0,484,13,2,1
0,0,0,0,114,4,2,1
0,0,0,0,292,24,1,1
0,0,0,0,79,4,2,2
0,0,0,0,402,45,1,1
0,0,0,0,443,17,2,2
0,0,0,0,106,19,2,1
0,0,0,0,172,6,2,1
0,0,0,0,741,6,2,2
0,0,0,0,494,15,2,1
0,0,0,0,40,15,1,1
0,0,0,0,740,49,1,1
0,0,0,0,143,17,2,2
0,0,0,0,126,44,1,1
0,0,0,0,738,48,1,1
0,0,0,0,601,120,2,2
0,0,0,0,501,6,2,2
0,0,0,0,90,44,1,1
0,0,0,0,572,49,1,1
0,0,0,0,554,33,2,1
0,0,0,0,261,6,1,2
0,0,0,0,193,10,2,2
0,0,0,0,740,38,1,1
0,0,0,0,592,17,1,1
0,0,0,0,476,28,2,1
0,0,0,0,371,10,2,2
0,0,0,0,424,24,1,1
0,0,0,0,161,4,2,2
0,0,0,0,526,9,1,1
0,0,0,0,30,15,1,1
0,0,0,0,296,9,1,1
0,0,0,0,638,10,1,1
0,0,0,0,233,28,2,2
0,0,0,0,733,10,2,2
0,0,0,0,182,10,1,1
0,0,0,0,58,55,1,1
0,0,0,0,206,34,1,1
0,0,0,0,767,32,2,2
0,0,0,0,707,4,1,2
0,0,0,0,555,8,2,2
0,0,0,0,484,44,2,1
0,0,0,0,776,81,1,1
0,0,0,0,776,10,1,1
0,0,0,0,195,13,1,2
0,0,0,0,488,17,1,1
0,0,0,0,222,7,1,1
0,0,0,0,555,6,2,2
0,0,0,0,417,15,2,2
0,0,0,0,584,4,1,1
0,0,0,0,716,32,1,1
0,0,0,0,610,55,1,1
0,0,0,0,200,8,1,1
0,0,0,0,7,24,2,2
0,0,0,0,756,7,1,1
0,0,0,0,483,36,2,2
0,0,0,0,489,13,2,2
0,0,0,0,692,10,2,1
0,0,0,0,610,4,1,1
0,0,0,0,368,24,1,1
0,0,0,0,455,33,2,2
0,0,0,0,296,8,1,1
0,0,0,0,28,15,2,1
0,0,0,0,213,7,1,2
0,0,0,0,98,8,1,1
0,0,0,0,115,4,1,2
0,0,0,0,290,4,1,1
0,0,0,0,7,6,2,2
0,0,0,0,178,6,2,1
0,0,0,0,359,4,2,2
0,0,0,0,507,4,2,2
0,0,0,0,631,15,2,2
0,0,0,0,314,9,1,1
0,0,0,0,208,4,1,1
0,0,0,0,800,15,1,1
0,0,0,0,487,32,1,2
0,0,0,0,201,13,2,2
0,0,0,0,684,19,1,1
0,0,0,0,199,11,2,2
0,0,0,0,327,17,1,2
0,0,0,0,128,44,2,1
0,0,0,0,552,45,1,1
0,0,0,0,329,10,2,2
0,0,0,0,52,4,1,1
0,0,0,0,566,17,1,1
0,0,0,0,147,34,2,2
0,0,0,0,767,7,2,2
0,0,0,0,50,11,1,1
0,0,0,0,455,13,2,2
0,0,0,0,201,6,2,2
0,0,0,0,743,10,2,2
0,0,0,0,77,24,2,2
0,0,0,0,125,7,2,2
0,0,0,0,328,6,2,1
0,0,0,0,275,19,2,2
0,0,0,0,382,11,2,1
0,0,0,0,765,13,2,2
0,0,0,0,133,6,2,2
0,0,0,0,453,4,2,2
0,0,0,0,398,19,1,1
0,0,0,0,47,11,2,2
0,0,0,0,253,13,1,2
0,0,0,0,262,6,1,1
0,0,0,0,315,7,2,2
0,0,0,0,462,9,1,1
0,0,0,0,300,13,1,1
0,0,0,0,393,8,2,2
0,0,0,0,384,15,1,1
0,0,0,0,143,28,2,2
0,0,0,0,91,7,2,2
0,0,0,0,544,19,1,1
0,0,0,0,274,9,1,1
0,0,0,0,619,28,2,2
0,0,0,0,328,26,2,1
0,0,0,0,376,4,1,1
0,0,0,0,153,8,1,2
0,0,0,0,124,19,1,1
0,0,0,0,614,45,2,1
0,0,0,0,178,64,2,1
0,0,0,0,237,6,2,2
0,0,0,0,386,9,1,1
0,0,0,0,666,4,2,1
0,0,0,0,214,48,1,1
0,0,0,0,327,49,1,2
0,0,0,0,527,11,1,2
0,0,0,0,138,13,1,1
0,0,0,0,247,28,2,2
0,0,0,0,695,11,1,2
0,0,0,0,192,9,1,1
0,0,0,0,568,55,2,1
0,0,0,0,465,17,2,2
0,0,0,0,320,4,1,1
0,0,0,0,17,7,2,2
0,0,0,0,409,94,2,2
0,0,0,0,226,32,2,1
0,0,0,0,607,7,2,2
0,0,0,0,150,11,1,1
0,0,0,0,483,19,2,2
0,0,0,0,210,7,1,1
0,0,0,0,163,8,1,2
0,0,0,0,495,10,2,2
0,0,0,0,577,6,2,2
0,0,0,0,707,15,1,2
0,0,0,0,670,9,2,1
0,0,0,0,795,49,1,2
0,0,0,0,270,8,1,1
0,0,0,0,42,28,2,1
0,0,0,0,478,4,1,1
0,0,0,0,589,24,2,2
0,0,0,0,392,24,1,1
0,0,0,0,354,64,1,1
0,0,0,0,329,15,2,2
0,0,0,0,619,17,2,2
0,0,0,0,84,10,1,1
0,0,0,0,746,24,1,1
0,0,0,0,312,50,1,1
0,0,0,0,173,6,2,2
0,0,0,0,552,58,1,1
0,0,0,0,544,4,1,1
0,0,0,0,102,26,1,1
0,0,0,0,351,8,2,2
0,0,0,0,712,44,1,1
0,0,0,0,583,13,2,2
0,0,0,0,177,33,1,2
0,0,0,0,234,10,1,1
0,0,0,0,162,13,1,1
0,0,0,0,375,36,2,2
0,0,0,0,170,10,1,1
0,0,0,0,695,6,1,2
0,0,0,0,450,47,2,1
0,0,0,0,453,8,2,2
0,0,0,0,58,7,1,1
0,0,0,0,275,34,2,2
0,0,0,0,65,13,2,2
0,0,0,0,76,11,1,1
0,0,0,0,280,64,2,1
0,0,0,0,752,38,1,1
0,0,0,0,589,15,2,2
0,0,0,0,252,8,1,1
0,0,0,0,95,7,2,2
0,0,0,0,50,8,1,1
0,0,0,0,30,11,1,1
0,0,0,0,436,95,1,1
0,0,0,0,448,9,1,1
0,0,0,0,680,9,1,1
0,0,0,0,681,7,1,2
0,0,0,0,421,4,2,2
0,0,0,0,24,24,1,1
0,0,0,0,235,19,2,2
0,0,0,0,328,11,2,1
0,0,0,0,720,4,1,1
0,0,0,0,775,9,2,2
0,0,0,0,224,8,1,1
0,0,0,0,505,8,2,2
0,0,0,0,413,11,2,2
0,0,0,0,248,15,1,1
0,0,0,0,327,15,1,2
0,0,0,0,288,58,1,1
0,0,0,0,434,8,2,1
0,0,0,0,665,7,2,2
0,0,0,0,404,6,2,1
0,0,0,0,196,17,1,1
0,0,0,0,646,7,2,1
0,0,0,0,132,7,1,1
0,0,0,0,467,4,2,2
0,0,0,0,736,10,2,1
0,0,0,0,264,7,1,1
0,0,0,0,167,8,2,2
0,0,0,0,242,73,1,1
0,0,0,0,309,32,1,2
0,0,0,0,70,60,2,1
0,0,0,0,246,4,1,1
0,0,0,0,666,6,2,1
0,0,0,0,768,33,1,1
0,0,0,0,36,55,2,1
0,0,0,0,519,6,2,2
0,0,0,0,750,36,2,1
0,0,0,0,627,13,2,2
0,0,0,0,373,24,2,2
0,0,0,0,423,6,2,2
0,0,0,0,553,17,2,2
0,0,0,0,337,6,2,2
0,0,0,0,538,32,2,1
0,0,0,0,360,9,1,1
0,0,0,0,670,60,2,1
0,0,0,0,210,17,1,1
0,0,0,0,391,9,2,2
0,0,0,0,169,26,2,2
0,0,0,0,567,63,2,2
0,0,0,0,787,32,1,2
0,0,0,0,82,13,1,1
0,0,0,0,319,106,2,2
0,0,0,0,641,7,1,2
0,0,0,0,579,6,2,2
0,0,0,0,780,36,1,1
0,0,0,0,377,15,2,2
0,0,0,0,271,10,2,2
0,0,0,0,724,7,1,1
0,0,0,0,579,10,2,2
0,0,0,0,653,6,2,2
0,0,0,0,323,81,2,2
0,0,0,0,253,19,1,2
0,0,0,0,503,24,1,2
0,0,0,0,186,58,1,1
0,0,0,0,70,15,2,1
0,0,0,0,265,47,2,2
0,0,0,0,270,11,1,1
0,0,0,0,711,10,2,2
0,0,0,0,656,34,1,1
0,0,0,0,518,4,1,1
0,0,0,0,132,26,1,1
0,0,0,0,162,63,1,1
0,0,0,0,164,8,1,1
0,0,0,0,479,49,2,2
0,0,0,0,532,64,1,1
0,0,0,0,59,9,2,2
0,0,0,0,183,15,2,2
0,0,0,0,174,9,1,1
0,0,0,0,661,49,2,2
0,0,0,0,786,10,1,1
0,0,0,0,145,36,1,2
0,0,0,0,245,11,2,2
0,0,0,0,492,24,2,1
0,0,0,0,124,28,1,1
0,0,0,0,611,24,2,2
0,0,0,0,798,9,1,1
0,0,0,0,730,9,1,1
0,0,0,0,524,60,1,1
0,0,0,0,515,9,1,2
0,0,0,0,294,4,1,1
0,0,0,0,377,11,2,2
0,0,0,0,360,13,1,1
0,0,0,0,106,108,2,1
0,0,0,0,599,32,2,2
0,0,0,0,280,7,2,1
0,0,0,0,10,8,1,1
0,0,0,0,38,15,1,1
0,0,0,0,366,13,1,1
0,0,0,0,429,8,2,2
0,0,0,0,94,7,1,1
0,0,0,0,497,50,2,2
0,0,0,0,51,10,1,2
0,0,0,0,266,73,1,1
0,0,0,0,81,11,2,2
0,0,0,0,714,8,2,1
0,0,0,0,56,9,2,1
0,0,0,0,701,24,2,2
0,0,0,0,179,52,2,2
0,0,0,0,419,4,2,2
0,0,0,0,188,7,2,1
0,0,0,0,674,13,1,1
0,0,0,0,645,9,2,2
0,0,0,0,113,9,2,2
0,0,0,0,768,24,1,1
0,0,0,0,292,7,1,1
0,0,0,0,267,17,2,2
0,0,0,0,602,4,1,1
0,0,0,0,783,13,2,2
0,0,0,0,361,47,1,2
0,0,0,0,73,10,2,2
0,0,0,0,716,19,1,1
0,0,0,0,540,11,1,1
0,0,0,0,239,50,2,2
0,0,0,0,214,6,1,1
0,0,0,0,752,15,1,1
0,0,0,0,519,4,2,2
0,0,0,0,104,10,1,1
0,0,0,0,132,24,1,1
0,0,0,0,381,28,2,2
0,0,0,0,520,24,2,1
0,0,0,0,492,7,2,1
0,0,0,0,275,9,2,2
0,0,0,0,10,6,1,1
0,0,0,0,727,32,2,2
0,0,0,0,302,6,1,1
0,0,0,0,295,44,2,2
0,0,0,0,430,47,1,1
0,0,0,0,546,6,1,1
0,0,0,0,75,15,2,2
0,0,0,0,7,11,2,2
0,0,0,0,55,9,2,2
0,0,0,0,638,4,1,1
0,0,0,0,676,9,1,1
0,0,0,0,394,9,1,1
0,0,0,0,708,11,1,1
0,0,0,0,117,8,1,2
0,0,0,0,461,15,2,2
0,0,0,0,685,10,2,2
0,0,0,0,228,4,1,1
0,0,0,0,99,13,2,2
0,0,0,0,235,32,2,2
0,0,0,0,202,8,1,1
0,0,0,0,239,44,2,2
0,0,0,0,59,38,2,2
0,0,0,0,67,47,2,2
0,0,0,0,765,4,2,2
0,0,0,0,27,6,2,2
0,0,0,0,16,6,1,1
0,0,0,0,57,44,1,2
0,0,0,0,359,24,2,2
0,0,0,0,2,4,2,1
0,0,0,0,88,9,2,1
0,0,0,0,203,19,2,2
0,0,0,0,703,13,1,2
0,0,0,0,588,38,1,1
0,0,0,0,35,33,2,2
0,0,0,0,678,6,1,1
0,0,0,0,536,26,1,1
0,0,0,0,203,15,2,2
0,0,0,0,374,6,1,1
0,0,0,0,709,6,2,2
0,0,0,0,549,28,2,2
0,0,0,0,275,13,2,2
0,0,0,0,615,7,2,2
0,0,0,0,705,26,2,2
0,0,0,0,696,33,1,1
0,0,0,0,469,7,2,2
0,0,0,0,595,73,2,2
0,0,0,0,72,24,1,1
0,0,0,0,696,11,1,1
0,0,0,0,616,4,2,1
0,0,0,0,279,7,2,2
0,0,0,0,146,26,1,1
0,0,0,0,662,11,1,1
0,0,0,0,760,32,1,1
0,0,0,0,668,19,1,1
0,0,0,0,779,19,2,2
0,0,0,0,777,9,2,2
0,0,0,0,180,28,1,1
0,0,0,0,272,17,1,1
0,0,0,0,690,50,1,1
0,0,0,0,473,11,2,2
0,0,0,0,74,24,1,1
0,0,0,0,361,7,1,2
0,0,0,0,660,7,2,1
0,0,0,0,736,11,2,1
0,0,0,0,35,4,2,2
0,0,0,0,527,6,1,2
0,0,0,0,510,10,1,1
0,0,0,0,156,19,1,1
0,0,0,0,778,63,1,1
0,0,0,0,445,50,2,2
0,0,0,0,162,49,1,1
0,0,0,0,664,58,1,1
0,0,0,0,158,28,2,1
0,0,0,0,229,48,1,2
0,0,0,0,294,6,1,1
0,0,0,0,213,13,1,2
0,0,0,0,472,19,1,1
0,0,0,0,550,34,1,1
0,0,0,0,680,49,1,1
0,0,0,0,105,6,1,2
0,0,0,0,313,6,2,2
0,0,0,0,156,9,1,1
0,0,0,0,574,19,1,1
0,0,0,0,348,28,1,1
0,0,0,0,152,11,1,1
0,0,0,0,604,24,1,1
0,0,0,0,337,19,2,2
0,0,0,0,788,34,1,1
0,0,0,0,746,10,1,1
0,0,0,0,40,94,1,1
0,0,0,0,442,15,2,1
0,0,0,0,795,24,1,2
0,0,0,0,723,64,2,2
0,0,0,0,579,7,2,2
0,0,0,0,310,19,1,1
0,0,0,0,540,49,1,1
0,0,0,0,198,32,2,1
0,0,0,0,362,58,2,1
0,0,0,0,578,19,1,1
0,0,0,0,225,73,2,2
0,0,0,0,537,28,2,2
0,0,0,0,719,58,2,2
0,0,0,0,500,6,1,1
0,0,0,0,637,10,2,2
0,0,0,0,151,36,2,2
0,0,0,0,202,13,1,1
0,0,0,0,54,48,1,1
0,0,0,0,146,8,1,1
0,0,0,0,620,49,1,1
0,0,0,0,490,11,1,1
0,0,0,0,720,17,1,1
0,0,0,0,696,4,1,1
0,0,0,0,597,13,1,2
0,0,0,0,178,32,2,1
0,0,0,0,331,11,2,2
0,0,0,0,327,32,1,2
0,0,0,0,795,19,1,2
0,0,0,0,123,44,2,2
0,0,0,0,387,34,1,2
0,0,0,0,321,33,1,2
0,0,0,0,705,7,2,2
0,0,0,0,275,11,2,2
0,0,0,0,660,50,2,1
0,0,0,0,759,10,2,2
0,0,0,0,106,26,2,1
0,0,0,0,779,11,2,2
0,0,0,0,295,6,2,2
0,0,0,0,772,11,1,1
0,0,0,0,186,13,1,1
0,0,0,0,451,45,2,2
0,0,0,0,81,10,2,2
0,0,0,0,60,6,1,1
0,0,0,0,306,45,1,1
0,0,0,0,190,6,2,1
0,0,0,0,413,6,2,2
0,0,0,0,343,19,1,2
0,0,0,0,709,7,2,2
0,0,0,0,247,17,2,2
0,0,0,0,218,26,1,1
0,0,0,0,605,8,2,2
0,0,0,0,116,4,1,1
0,0,0,0,649,49,2,2
0,0,0,0,361,9,2,2
0,0,0,0,21,7,2,2
0,0,0,0,155,9,2,2
0,0,0,0,189,6,2,2
0,0,0,0,335,50,2,2
0,0,0,0,676,17,1,1
