question,worker,answer,gt
1,32,2,2
1,26,2,2
1,9,1,2
1,5,1,2
1,74,2,2
1,23,2,2
1,18,2,2
1,69,2,2
1,55,2,2
1,14,2,2
2,47,2,1
2,4,1,1
2,6,1,1
2,56,1,1
2,8,1,1
2,14,2,1
2,9,2,1
2,16,1,1
2,22,2,1
2,10,2,1
3,2,2,2
3,27,2,2
3,58,2,2
3,46,1,2
3,64,1,2
3,35,2,2
3,31,2,2
3,4,2,2
3,37,2,2
3,34,1,2
4,12,1,1
4,8,1,1
4,50,2,1
4,40,2,1
4,37,1,1
4,18,1,1
4,4,1,1
4,44,2,1
4,14,2,1
4,27,1,1
5,2,2,2
5,25,1,2
5,3,2,2
5,39,2,2
5,85,2,2
5,14,1,2
5,49,2,2
5,45,2,2
5,23,2,2
5,46,2,2
6,44,1,1
6,43,2,1
6,3,1,1
6,12,1,1
6,39,1,1
6,10,1,1
6,8,1,1
6,24,1,1
6,87,1,1
6,40,2,1
7,20,2,2
7,7,2,2
7,44,2,2
7,24,2,2
7,48,2,2
7,6,1,2
7,51,2,2
7,65,1,2
7,11,1,2
7,39,2,2
8,42,1,1
8,2,1,1
8,110,1,1
8,4,1,1
8,43,2,1
8,15,1,1
8,3,1,1
8,8,1,1
8,12,2,1
8,1,2,1
9,17,2,2
9,1,2,2
9,2,2,2
9,16,2,2
9,14,1,2
9,94,2,2
9,12,2,2
9,30,2,2
9,6,2,2
9,4,1,2
10,4,1,1
10,5,1,1
10,8,1,1
10,6,1,1
10,21,1,1
10,14,1,1
10,2,1,1
10,77,1,1
10,9,1,1
10,3,1,1
11,90,1,2
11,1,2,2
11,3,2,2
11,35,2,2
11,16,2,2
11,64,2,2
11,27,2,2
11,11,2,2
11,8,1,2
11,7,2,2
12,13,2,1
12,85,1,1
12,37,1,1
12,76,2,1
12,22,1,1
12,31,1,1
12,48,1,1
12,44,1,1
12,53,1,1
12,8,1,1
13,10,2,2
13,6,2,2
13,11,2,2
13,24,2,2
13,2,2,2
13,31,2,2
13,13,2,2
13,1,2,2
13,7,2,2
13,12,2,2
14,28,1,1
14,73,2,1
14,38,1,1
14,23,2,1
14,4,1,1
14,1,1,1
14,27,2,1
14,20,1,1
14,54,2,1
14,21,2,1
15,36,1,2
15,3,2,2
15,18,2,2
15,28,1,2
15,33,1,2
15,37,2,2
15,26,2,2
15,35,2,2
15,24,2,2
15,6,1,2
16,3,2,1
16,5,1,1
16,8,1,1
16,22,1,1
16,9,1,1
16,101,1,1
16,4,1,1
16,78,1,1
16,6,1,1
16,34,1,1
17,29,2,2
17,7,1,2
17,17,2,2
17,8,2,2
17,21,2,2
17,6,2,2
17,2,2,2
17,18,2,2
17,15,2,2
17,26,1,2
18,19,1,1
18,77,1,1
18,23,2,1
18,57,1,1
18,24,1,1
18,13,2,1
18,16,1,1
18,12,1,1
18,32,1,1
18,28,1,1
19,11,2,2
19,25,1,2
19,19,2,2
19,17,1,2
19,8,2,2
19,21,1,2
19,31,2,2
19,66,2,2
19,2,2,2
19,39,2,2
20,39,1,1
20,56,1,1
20,14,1,1
20,24,1,1
20,11,1,1
20,2,1,1
20,6,1,1
20,51,1,1
20,4,1,1
20,5,2,1
21,3,2,2
21,4,2,2
21,5,2,2
21,7,2,2
21,64,1,2
21,84,2,2
21,45,2,2
21,6,2,2
21,35,1,2
21,29,2,2
22,4,2,1
22,6,1,1
22,29,1,1
22,9,1,1
22,12,1,1
22,18,2,1
22,21,2,1
22,24,1,1
22,1,1,1
22,17,1,1
23,39,2,2
23,12,2,2
23,19,2,2
23,29,1,2
23,6,2,2
23,1,1,2
23,11,2,2
23,8,2,2
23,16,2,2
23,5,1,2
24,34,1,1
24,24,1,1
24,40,1,1
24,23,1,1
24,1,2,1
24,19,1,1
24,5,1,1
24,17,1,1
24,18,2,1
24,7,1,1
25,5,2,2
25,9,1,2
25,40,2,2
25,18,2,2
25,25,2,2
25,45,1,2
25,8,2,2
25,7,2,2
25,46,2,2
25,17,2,2
26,36,1,1
26,14,1,1
26,39,1,1
26,7,1,1
26,3,1,1
26,96,2,1
26,53,1,1
26,30,1,1
26,8,1,1
26,17,1,1
27,45,1,2
27,6,2,2
27,7,2,2
27,21,1,2
27,19,2,2
27,20,1,2
27,28,2,2
27,31,2,2
27,5,2,2
27,30,1,2
28,15,2,1
28,12,1,1
28,42,2,1
28,18,2,1
28,28,2,1
28,17,1,1
28,36,1,1
28,16,1,1
28,2,1,1
28,1,2,1
29,10,1,2
29,36,2,2
29,47,1,2
29,14,1,2
29,1,1,2
29,5,1,2
29,8,2,2
29,2,2,2
29,9,1,2
29,7,2,2
30,2,1,1
30,11,2,1
30,12,1,1
30,15,1,1
30,29,1,1
30,9,1,1
30,31,1,1
30,19,1,1
30,75,1,1
30,3,2,1
31,18,1,2
31,37,1,2
31,1,2,2
31,65,2,2
31,85,2,2
31,9,2,2
31,23,2,2
31,4,1,2
31,3,2,2
31,16,2,2
32,9,1,1
32,29,1,1
32,66,1,1
32,6,1,1
32,11,2,1
32,59,1,1
32,1,2,1
32,3,1,1
32,2,1,1
32,16,1,1
33,12,1,2
33,33,2,2
33,43,2,2
33,30,1,2
33,16,2,2
33,27,1,2
33,61,2,2
33,11,2,2
33,5,2,2
33,19,2,2
34,24,1,1
34,16,1,1
34,9,2,1
34,11,2,1
34,34,2,1
34,91,2,1
34,12,1,1
34,1,1,1
34,48,1,1
34,36,1,1
35,2,2,2
35,16,2,2
35,33,1,2
35,32,2,2
35,5,1,2
35,3,1,2
35,28,2,2
35,48,2,2
35,4,2,2
35,20,2,2
36,56,1,1
36,40,2,1
36,13,2,1
36,2,1,1
36,6,2,1
36,10,1,1
36,22,2,1
36,3,1,1
36,23,1,1
36,55,1,1
37,4,2,2
37,110,2,2
37,23,2,2
37,11,1,2
37,25,2,2
37,41,2,2
37,54,2,2
37,48,2,2
37,7,2,2
37,18,2,2
38,6,1,1
38,55,1,1
38,35,1,1
38,36,2,1
38,10,2,1
38,5,1,1
38,24,1,1
38,15,1,1
38,22,2,1
38,7,1,1
39,20,2,2
39,9,2,2
39,5,2,2
39,24,2,2
39,18,2,2
39,22,1,2
39,14,2,2
39,41,2,2
39,19,1,2
39,29,2,2
40,11,2,1
40,27,1,1
40,15,2,1
40,16,1,1
40,72,1,1
40,17,1,1
40,26,1,1
40,96,1,1
40,22,1,1
40,94,1,1
41,30,2,2
41,10,1,2
41,15,2,2
41,19,2,2
41,18,2,2
41,9,1,2
41,43,1,2
41,12,2,2
41,21,1,2
41,5,1,2
42,7,1,1
42,28,2,1
42,5,1,1
42,13,2,1
42,9,1,1
42,37,1,1
42,57,2,1
42,4,1,1
42,44,1,1
42,1,2,1
43,22,2,2
43,8,2,2
43,9,1,2
43,6,2,2
43,47,1,2
43,23,1,2
43,10,2,2
43,36,2,2
43,2,2,2
43,13,1,2
44,85,1,1
44,19,1,1
44,13,2,1
44,3,1,1
44,1,1,1
44,12,1,1
44,15,1,1
44,2,1,1
44,39,2,1
44,27,1,1
45,14,2,2
45,85,2,2
45,32,2,2
45,28,2,2
45,9,2,2
45,25,2,2
45,5,2,2
45,27,2,2
45,37,2,2
45,11,2,2
46,34,1,1
46,25,1,1
46,8,1,1
46,75,1,1
46,3,1,1
46,12,1,1
46,9,2,1
46,2,2,1
46,59,1,1
46,18,1,1
47,18,2,2
47,5,2,2
47,40,1,2
47,11,1,2
47,1,1,2
47,3,2,2
47,23,2,2
47,10,2,2
47,19,2,2
47,14,2,2
48,9,2,1
48,70,2,1
48,19,1,1
48,24,1,1
48,36,1,1
48,25,1,1
48,27,1,1
48,12,2,1
48,18,1,1
48,1,2,1
49,29,2,2
49,3,2,2
49,2,2,2
49,5,1,2
49,23,1,2
49,71,2,2
49,1,2,2
49,44,2,2
49,24,2,2
49,9,2,2
50,8,1,1
50,31,1,1
50,2,1,1
50,11,1,1
50,5,1,1
50,15,1,1
50,3,1,1
50,41,1,1
50,50,1,1
50,26,1,1
51,54,2,2
51,10,2,2
51,19,2,2
51,1,1,2
51,14,2,2
51,18,2,2
51,21,2,2
51,25,2,2
51,11,1,2
51,31,2,2
52,2,1,1
52,29,1,1
52,14,2,1
52,8,1,1
52,1,1,1
52,24,1,1
52,4,1,1
52,17,1,1
52,3,2,1
52,31,1,1
53,2,2,2
53,4,1,2
53,1,2,2
53,14,1,2
53,65,2,2
53,18,2,2
53,26,2,2
53,7,2,2
53,31,1,2
53,24,2,2
54,46,1,1
54,92,1,1
54,35,2,1
54,25,2,1
54,48,1,1
54,38,1,1
54,19,2,1
54,16,1,1
54,24,1,1
54,13,1,1
55,22,1,2
55,18,2,2
55,1,1,2
55,2,2,2
55,14,1,2
55,3,2,2
55,15,2,2
55,43,1,2
55,9,1,2
55,5,1,2
56,25,2,1
56,75,1,1
56,9,2,1
56,13,2,1
56,20,1,1
56,51,1,1
56,6,2,1
56,35,1,1
56,1,2,1
56,45,1,1
57,38,2,2
57,56,2,2
57,8,1,2
57,44,1,2
57,16,2,2
57,9,1,2
57,21,2,2
57,24,1,2
57,33,1,2
57,18,2,2
58,1,2,1
58,11,1,1
58,38,1,1
58,55,1,1
58,7,1,1
58,5,1,1
58,28,2,1
58,23,1,1
58,8,1,1
58,32,1,1
59,9,1,2
59,5,2,2
59,1,2,2
59,28,1,2
59,22,2,2
59,38,2,2
59,11,2,2
59,17,1,2
59,23,2,2
59,52,1,2
60,28,1,1
60,11,2,1
60,1,2,1
60,18,1,1
60,27,1,1
60,58,1,1
60,26,2,1
60,16,1,1
60,5,2,1
60,6,2,1
61,6,1,2
61,2,2,2
61,25,2,2
61,21,1,2
61,113,1,2
61,3,2,2
61,14,2,2
61,114,2,2
61,12,2,2
61,104,2,2
62,7,1,1
62,1,2,1
62,37,1,1
62,15,1,1
62,24,1,1
62,48,1,1
62,16,1,1
62,2,1,1
62,11,2,1
62,14,1,1
63,40,2,2
63,23,1,2
63,22,2,2
63,7,2,2
63,9,1,2
63,62,2,2
63,11,1,2
63,50,1,2
63,2,2,2
63,33,1,2
64,17,1,1
64,26,1,1
64,7,1,1
64,23,1,1
64,14,1,1
64,12,2,1
64,24,1,1
64,29,1,1
64,5,1,1
64,8,1,1
65,50,2,2
65,8,2,2
65,7,2,2
65,34,2,2
65,30,2,2
65,9,1,2
65,78,2,2
65,13,2,2
65,17,2,2
65,102,2,2
66,7,2,1
66,38,1,1
66,23,1,1
66,3,1,1
66,4,2,1
66,18,1,1
66,19,1,1
66,9,1,1
66,46,1,1
66,5,1,1
67,54,2,2
67,47,1,2
67,3,2,2
67,71,2,2
67,31,2,2
67,5,2,2
67,6,1,2
67,15,2,2
67,23,2,2
67,12,1,2
68,30,1,1
68,15,1,1
68,14,1,1
68,23,1,1
68,8,1,1
68,9,2,1
68,27,1,1
68,18,1,1
68,29,2,1
68,2,2,1
69,43,1,2
69,10,2,2
69,3,2,2
69,7,2,2
69,5,2,2
69,9,2,2
69,91,2,2
69,8,2,2
69,1,2,2
69,11,2,2
70,21,2,1
70,3,1,1
70,12,1,1
70,15,1,1
70,54,1,1
70,41,1,1
70,27,2,1
70,60,2,1
70,11,2,1
70,2,1,1
71,13,2,2
71,60,2,2
71,8,2,2
71,2,2,2
71,32,2,2
71,25,2,2
71,20,2,2
71,36,1,2
71,14,2,2
71,45,1,2
72,11,1,1
72,51,2,1
72,10,1,1
72,24,1,1
72,12,1,1
72,15,1,1
72,74,1,1
72,7,1,1
72,33,1,1
72,13,1,1
73,7,2,2
73,10,1,2
73,53,1,2
73,64,1,2
73,27,2,2
73,12,2,2
73,2,1,2
73,50,1,2
73,26,2,2
73,6,2,2
74,20,1,1
74,31,1,1
74,64,2,1
74,12,1,1
74,33,1,1
74,8,1,1
74,9,1,1
74,18,1,1
74,24,2,1
74,23,1,1
75,15,2,2
75,6,2,2
75,10,2,2
75,4,2,2
75,17,2,2
75,12,2,2
75,8,2,2
75,2,2,2
75,19,1,2
75,3,2,2
76,23,1,1
76,18,1,1
76,11,1,1
76,20,1,1
76,44,2,1
76,1,1,1
76,61,2,1
76,2,1,1
76,13,1,1
76,27,1,1
77,3,2,2
77,21,2,2
77,10,2,2
77,17,2,2
77,22,2,2
77,47,2,2
77,6,2,2
77,33,2,2
77,24,2,2
77,23,2,2
78,12,1,1
78,5,1,1
78,10,1,1
78,1,1,1
78,3,1,1
78,24,1,1
78,31,1,1
78,17,1,1
78,68,2,1
78,33,1,1
79,23,2,2
79,5,2,2
79,14,2,2
79,74,2,2
79,3,1,2
79,19,1,2
79,96,2,2
79,9,1,2
79,4,2,2
79,15,2,2
80,36,2,1
80,9,2,1
80,1,2,1
80,30,1,1
80,23,2,1
80,51,1,1
80,8,1,1
80,78,1,1
80,66,1,1
80,87,1,1
81,54,2,2
81,10,2,2
81,26,2,2
81,17,1,2
81,32,2,2
81,9,1,2
81,16,2,2
81,49,2,2
81,11,1,2
81,15,2,2
82,1,2,1
82,23,1,1
82,16,1,1
82,8,1,1
82,12,1,1
82,27,2,1
82,7,1,1
82,21,2,1
82,13,2,1
82,6,1,1
83,57,2,2
83,39,2,2
83,4,2,2
83,111,2,2
83,13,2,2
83,40,1,2
83,24,2,2
83,21,1,2
83,9,2,2
83,12,2,2
84,42,2,1
84,26,1,1
84,12,1,1
84,20,2,1
84,10,1,1
84,83,2,1
84,13,1,1
84,25,1,1
84,4,2,1
84,9,2,1
85,9,1,2
85,64,1,2
85,97,2,2
85,33,1,2
85,28,2,2
85,55,2,2
85,6,1,2
85,2,2,2
85,47,2,2
85,10,2,2
86,7,1,1
86,33,1,1
86,15,2,1
86,16,1,1
86,19,1,1
86,24,1,1
86,18,2,1
86,51,1,1
86,29,1,1
86,57,1,1
87,86,2,2
87,8,2,2
87,3,2,2
87,1,2,2
87,33,2,2
87,44,1,2
87,14,2,2
87,7,2,2
87,48,2,2
87,30,2,2
88,5,2,1
88,2,1,1
88,26,2,1
88,1,1,1
88,18,1,1
88,14,2,1
88,12,1,1
88,9,1,1
88,7,1,1
88,10,2,1
89,52,1,2
89,1,2,2
89,35,2,2
89,23,1,2
89,70,2,2
89,13,2,2
89,20,2,2
89,51,2,2
89,3,2,2
89,58,2,2
90,15,2,1
90,1,1,1
90,47,1,1
90,7,1,1
90,6,2,1
90,8,1,1
90,4,1,1
90,66,2,1
90,44,1,1
90,3,1,1
91,36,2,2
91,6,2,2
91,19,2,2
91,12,1,2
91,38,2,2
91,4,1,2
91,7,2,2
91,2,2,2
91,83,2,2
91,5,2,2
92,1,2,1
92,6,2,1
92,99,1,1
92,25,1,1
92,23,1,1
92,12,1,1
92,11,2,1
92,2,1,1
92,10,1,1
92,15,2,1
93,50,2,2
93,13,1,2
93,37,2,2
93,8,2,2
93,24,2,2
93,4,2,2
93,17,2,2
93,45,2,2
93,12,1,2
93,5,2,2
94,11,1,1
94,7,1,1
94,64,1,1
94,16,1,1
94,24,1,1
94,25,1,1
94,12,2,1
94,37,1,1
94,2,1,1
94,14,2,1
95,14,1,2
95,13,2,2
95,2,2,2
95,9,1,2
95,3,2,2
95,54,2,2
95,29,2,2
95,38,2,2
95,48,2,2
95,7,2,2
96,66,2,1
96,4,1,1
96,21,2,1
96,9,2,1
96,23,1,1
96,3,1,1
96,18,2,1
96,42,2,1
96,32,1,1
96,29,1,1
97,16,2,2
97,49,2,2
97,36,2,2
97,69,2,2
97,1,2,2
97,28,1,2
97,13,1,2
97,37,2,2
97,18,2,2
97,116,2,2
98,8,1,1
98,16,1,1
98,14,2,1
98,2,1,1
98,9,1,1
98,71,1,1
98,21,2,1
98,5,2,1
98,36,1,1
98,12,1,1
99,18,2,2
99,11,1,2
99,23,1,2
99,14,2,2
99,4,2,2
99,3,1,2
99,7,2,2
99,43,2,2
99,13,2,2
99,30,2,2
100,19,1,1
100,32,1,1
100,9,1,1
100,47,1,1
100,68,1,1
100,28,1,1
100,16,1,1
100,3,1,1
100,41,1,1
100,98,1,1
101,81,1,2
101,25,2,2
101,34,1,2
101,14,2,2
101,22,2,2
101,7,2,2
101,43,1,2
101,18,2,2
101,3,2,2
101,16,2,2
102,1,2,1
102,4,1,1
102,12,2,1
102,3,1,1
102,35,1,1
102,40,2,1
102,21,2,1
102,8,1,1
102,26,2,1
102,31,1,1
103,19,2,2
103,66,2,2
103,27,2,2
103,25,2,2
103,16,2,2
103,57,2,2
103,17,2,2
103,6,1,2
103,14,2,2
103,12,2,2
104,10,1,1
104,4,2,1
104,12,2,1
104,3,1,1
104,8,1,1
104,18,1,1
104,11,2,1
104,61,1,1
104,6,1,1
104,22,1,1
105,9,1,2
105,8,2,2
105,64,1,2
105,29,2,2
105,10,2,2
105,14,1,2
105,54,1,2
105,32,2,2
105,34,1,2
105,6,2,2
106,26,1,1
106,108,1,1
106,19,1,1
106,1,2,1
106,22,2,1
106,42,1,1
106,65,1,1
106,6,2,1
106,23,2,1
106,56,2,1
107,12,2,2
107,62,2,2
107,9,1,2
107,3,2,2
107,31,1,2
107,2,2,2
107,57,2,2
107,4,2,2
107,1,2,2
107,72,2,2
108,5,1,1
108,20,1,1
108,76,2,1
108,28,2,1
108,85,1,1
108,23,1,1
108,16,1,1
108,43,1,1
108,17,1,1
108,22,1,1
109,7,2,2
109,26,2,2
109,19,1,2
109,2,2,2
109,23,1,2
109,3,2,2
109,20,1,2
109,10,2,2
109,21,2,2
109,14,1,2
110,34,2,1
110,97,1,1
110,6,1,1
110,11,2,1
110,22,1,1
110,20,1,1
110,31,2,1
110,62,1,1
110,56,1,1
110,13,1,1
111,26,2,2
111,25,1,2
111,12,2,2
111,11,2,2
111,1,2,2
111,50,1,2
111,9,2,2
111,28,1,2
111,4,1,2
111,14,1,2
112,3,1,1
112,22,2,1
112,47,2,1
112,40,1,1
112,6,2,1
112,7,1,1
112,10,2,1
112,5,2,1
112,60,1,1
112,45,2,1
113,10,1,2
113,14,2,2
113,12,1,2
113,8,2,2
113,9,2,2
113,32,2,2
113,17,2,2
113,4,2,2
113,2,2,2
113,11,2,2
114,10,1,1
114,13,1,1
114,31,1,1
114,14,1,1
114,8,1,1
114,6,2,1
114,18,1,1
114,4,1,1
114,3,1,1
114,24,1,1
115,3,2,2
115,20,2,2
115,36,1,2
115,35,1,2
115,15,2,2
115,4,1,2
115,8,2,2
115,5,2,2
115,65,2,2
115,26,2,2
116,2,1,1
116,19,1,1
116,7,1,1
116,1,2,1
116,37,1,1
116,4,1,1
116,51,1,1
116,14,1,1
116,41,1,1
116,118,1,1
117,9,1,2
117,90,2,2
117,31,2,2
117,5,2,2
117,6,1,2
117,25,1,2
117,11,2,2
117,8,2,2
117,38,2,2
117,1,2,2
118,20,1,1
118,18,1,1
118,15,1,1
118,10,1,1
118,36,1,1
118,16,1,1
118,31,2,1
118,19,1,1
118,23,2,1
118,2,1,1
119,17,1,2
119,98,1,2
119,12,2,2
119,82,1,2
119,10,2,2
119,22,2,2
119,3,2,2
119,8,2,2
119,2,2,2
119,25,1,2
120,33,2,1
120,43,2,1
120,8,1,1
120,6,1,1
120,17,1,1
120,12,1,1
120,4,1,1
120,54,2,1
120,16,1,1
120,10,1,1
121,9,2,2
121,4,2,2
121,21,2,2
121,26,2,2
121,17,2,2
121,1,1,2
121,3,2,2
121,2,2,2
121,16,2,2
121,14,2,2
122,48,1,1
122,62,1,1
122,4,2,1
122,8,1,1
122,1,1,1
122,22,1,1
122,14,1,1
122,19,1,1
122,36,1,1
122,58,2,1
123,1,2,2
123,3,1,2
123,25,2,2
123,7,2,2
123,44,2,2
123,5,2,2
123,20,1,2
123,2,1,2
123,12,2,2
123,42,2,2
124,36,1,1
124,12,2,1
124,34,1,1
124,50,1,1
124,5,1,1
124,6,1,1
124,41,1,1
124,28,1,1
124,4,1,1
124,19,1,1
125,7,2,2
125,1,1,2
125,14,1,2
125,48,2,2
125,43,1,2
125,18,2,2
125,2,1,2
125,45,2,2
125,17,2,2
125,5,2,2
126,9,1,1
126,44,2,1
126,14,2,1
126,2,2,1
126,27,1,1
126,3,1,1
126,6,2,1
126,4,1,1
126,10,1,1
126,23,2,1
127,33,2,2
127,11,1,2
127,16,2,2
127,3,2,2
127,10,2,2
127,8,2,2
127,35,1,2
127,38,2,2
127,4,2,2
127,37,1,2
128,2,1,1
128,24,1,1
128,49,1,1
128,66,2,1
128,21,1,1
128,44,1,1
128,58,1,1
128,9,1,1
128,11,2,1
128,27,1,1
129,5,1,2
129,27,2,2
129,14,2,2
129,3,2,2
129,17,2,2
129,4,2,2
129,21,1,2
129,11,2,2
129,40,1,2
129,1,1,2
130,29,1,1
130,36,1,1
130,1,2,1
130,9,2,1
130,16,1,1
130,30,1,1
130,2,1,1
130,25,1,1
130,23,1,1
130,38,1,1
131,19,2,2
131,13,2,2
131,39,2,2
131,56,1,2
131,17,2,2
131,46,1,2
131,50,2,2
131,9,2,2
131,53,2,2
131,1,2,2
132,3,1,1
132,54,1,1
132,26,1,1
132,22,2,1
132,24,1,1
132,6,1,1
132,4,2,1
132,2,1,1
132,7,1,1
132,31,1,1
133,7,2,2
133,2,2,2
133,6,1,2
133,55,2,2
133,1,2,2
133,83,2,2
133,17,2,2
133,33,2,2
133,18,2,2
133,11,2,2
134,8,1,1
134,40,1,1
134,10,1,1
134,22,2,1
134,30,1,1
134,19,1,1
134,21,2,1
134,51,2,1
134,57,1,1
134,34,1,1
135,15,2,2
135,30,2,2
135,47,1,2
135,13,1,2
135,3,2,2
135,28,2,2
135,7,2,2
135,5,2,2
135,4,1,2
135,8,2,2
136,1,2,1
136,52,1,1
136,4,1,1
136,9,1,1
136,30,2,1
136,20,2,1
136,10,1,1
136,15,1,1
136,17,1,1
136,57,1,1
137,20,1,2
137,8,2,2
137,1,2,2
137,10,2,2
137,2,2,2
137,9,1,2
137,12,1,2
137,43,2,2
137,54,2,2
137,11,2,2
138,20,1,1
138,16,1,1
138,15,1,1
138,13,2,1
138,30,1,1
138,3,1,1
138,7,1,1
138,9,1,1
138,4,1,1
138,5,2,1
139,3,2,2
139,35,2,2
139,46,1,2
139,30,1,2
139,1,2,2
139,41,2,2
139,5,1,2
139,11,2,2
139,18,1,2
139,16,2,2
140,65,1,1
140,2,1,1
140,11,1,1
140,20,2,1
140,19,1,1
140,15,2,1
140,40,2,1
140,56,2,1
140,24,1,1
140,8,1,1
141,15,2,2
141,11,2,2
141,33,1,2
141,10,2,2
141,1,2,2
141,12,2,2
141,9,1,2
141,56,2,2
141,18,2,2
141,92,2,2
142,11,1,1
142,49,1,1
142,53,2,1
142,21,1,1
142,5,2,1
142,42,1,1
142,3,1,1
142,33,2,1
142,30,1,1
142,45,1,1
143,7,2,2
143,15,2,2
143,23,1,2
143,14,1,2
143,17,2,2
143,18,1,2
143,8,2,2
143,47,2,2
143,28,2,2
143,29,2,2
144,22,1,1
144,10,1,1
144,17,1,1
144,11,2,1
144,1,1,1
144,29,1,1
144,23,1,1
144,2,1,1
144,38,1,1
144,20,1,1
145,13,2,2
145,63,2,2
145,9,1,2
145,21,2,2
145,36,2,2
145,3,2,2
145,70,2,2
145,14,1,2
145,12,2,2
145,1,2,2
146,59,1,1
146,46,2,1
146,26,1,1
146,8,1,1
146,48,1,1
146,6,1,1
146,37,1,1
146,29,1,1
146,22,2,1
146,13,1,1
147,13,1,2
147,14,2,2
147,11,2,2
147,5,2,2
147,84,1,2
147,41,2,2
147,18,2,2
147,34,2,2
147,42,2,2
147,7,2,2
148,12,1,1
148,6,2,1
148,22,1,1
148,28,1,1
148,8,1,1
148,10,1,1
148,4,2,1
148,7,1,1
148,19,1,1
148,43,1,1
149,19,1,2
149,2,2,2
149,5,2,2
149,29,1,2
149,43,1,2
149,20,2,2
149,10,2,2
149,8,2,2
149,4,1,2
149,25,2,2
150,1,1,1
150,25,1,1
150,11,1,1
150,8,1,1
150,63,2,1
150,34,1,1
150,10,2,1
150,22,2,1
150,3,1,1
150,38,1,1
151,36,2,2
151,8,2,2
151,58,2,2
151,26,2,2
151,9,2,2
151,2,2,2
151,23,2,2
151,1,2,2
151,43,2,2
151,3,2,2
152,11,2,1
152,22,2,1
152,6,1,1
152,15,1,1
152,3,1,1
152,12,2,1
152,16,1,1
152,2,1,1
152,26,1,1
152,1,1,1
153,52,1,2
153,25,2,2
153,8,2,2
153,35,1,2
153,2,2,2
153,28,1,2
153,34,2,2
153,47,2,2
153,18,2,2
153,69,1,2
154,5,1,1
154,6,1,1
154,46,2,1
154,35,2,1
154,4,1,1
154,23,2,1
154,9,2,1
154,22,1,1
154,21,1,1
154,53,1,1
155,3,2,2
155,42,1,2
155,15,2,2
155,11,2,2
155,1,2,2
155,44,2,2
155,38,2,2
155,14,1,2
155,16,2,2
155,9,1,2
156,20,1,1
156,2,1,1
156,7,1,1
156,10,1,1
156,29,1,1
156,14,1,1
156,9,2,1
156,19,1,1
156,1,1,1
156,32,1,1
157,3,1,2
157,5,2,2
157,72,2,2
157,21,2,2
157,4,1,2
157,23,2,2
157,22,2,2
157,34,1,2
157,11,2,2
157,1,1,2
158,28,1,1
158,58,1,1
158,42,1,1
158,4,2,1
158,19,2,1
158,24,1,1
158,1,2,1
158,25,1,1
158,44,2,1
158,35,1,1
159,22,1,2
159,3,1,2
159,40,2,2
159,14,1,2
159,12,1,2
159,29,2,2
159,16,2,2
159,54,2,2
159,7,1,2
159,4,1,2
160,49,1,1
160,6,1,1
160,35,2,1
160,10,1,1
160,69,1,1
160,39,1,1
160,4,1,1
160,75,1,1
160,11,2,1
160,22,2,1
161,7,2,2
161,13,1,2
161,4,2,2
161,61,1,2
161,3,1,2
161,1,1,2
161,68,2,2
161,18,2,2
161,27,1,2
161,2,2,2
162,30,2,1
162,49,1,1
162,8,1,1
162,63,2,1
162,2,1,1
162,35,1,1
162,34,1,1
162,13,1,1
162,4,1,1
162,15,1,1
163,8,2,2
163,73,1,2
163,40,2,2
163,3,2,2
163,37,1,2
163,119,1,2
163,29,2,2
163,12,2,2
163,13,2,2
163,17,2,2
164,22,1,1
164,8,1,1
164,2,1,1
164,16,1,1
164,3,1,1
164,45,1,1
164,32,1,1
164,28,2,1
164,33,1,1
164,57,1,1
165,2,2,2
165,18,2,2
165,39,2,2
165,3,2,2
165,57,2,2
165,4,1,2
165,17,2,2
165,22,1,2
165,6,1,2
165,33,1,2
166,43,1,1
166,17,1,1
166,2,1,1
166,23,2,1
166,44,1,1
166,22,1,1
166,4,1,1
166,30,1,1
166,18,1,1
166,1,2,1
167,9,2,2
167,15,2,2
167,10,1,2
167,3,1,2
167,39,1,2
167,26,2,2
167,40,1,2
167,1,1,2
167,53,2,2
167,8,2,2
168,24,1,1
168,1,2,1
168,17,2,1
168,30,1,1
168,9,1,1
168,26,2,1
168,20,2,1
168,47,2,1
168,4,1,1
168,78,1,1
169,2,2,2
169,29,2,2
169,26,2,2
169,28,1,2
169,1,2,2
169,72,2,2
169,12,2,2
169,65,2,2
169,17,2,2
169,71,2,2
170,55,1,1
170,12,2,1
170,1,1,1
170,10,2,1
170,22,2,1
170,3,1,1
170,7,1,1
170,16,1,1
170,24,1,1
170,73,2,1
171,18,1,2
171,25,2,2
171,36,2,2
171,7,2,2
171,2,2,2
171,14,1,2
171,20,2,2
171,1,2,2
171,9,2,2
171,32,2,2
172,7,2,1
172,1,1,1
172,38,1,1
172,6,1,1
172,13,1,1
172,49,2,1
172,64,2,1
172,32,1,1
172,70,1,1
172,40,2,1
173,1,1,2
173,11,2,2
173,14,1,2
173,12,2,2
173,3,2,2
173,45,2,2
173,38,2,2
173,6,2,2
173,36,2,2
173,26,2,2
174,18,1,1
174,57,1,1
174,40,1,1
174,51,1,1
174,28,1,1
174,9,1,1
174,3,2,1
174,16,1,1
174,26,1,1
174,17,2,1
175,19,2,2
175,1,2,2
175,32,2,2
175,53,2,2
175,17,2,2
175,40,1,2
175,50,2,2
175,10,2,2
175,30,2,2
175,46,2,2
176,42,1,1
176,86,1,1
176,16,1,1
176,13,1,1
176,39,2,1
176,29,1,1
176,25,1,1
176,9,1,1
176,3,1,1
176,31,2,1
177,16,2,2
177,43,2,2
177,33,2,2
177,15,1,2
177,3,2,2
177,9,1,2
177,83,2,2
177,20,1,2
177,4,1,2
177,26,2,2
178,6,1,1
178,47,2,1
178,34,1,1
178,9,2,1
178,32,1,1
178,64,1,1
178,13,2,1
178,3,1,1
178,20,1,1
178,39,1,1
179,20,2,2
179,4,2,2
179,6,2,2
179,36,2,2
179,53,2,2
179,52,1,2
179,25,1,2
179,1,2,2
179,45,1,2
179,13,2,2
180,39,1,1
180,3,2,1
180,7,1,1
180,18,1,1
180,9,1,1
180,15,1,1
180,35,2,1
180,28,1,1
180,51,1,1
180,31,1,1
181,2,2,2
181,22,1,2
181,1,2,2
181,24,2,2
181,36,2,2
181,3,2,2
181,21,2,2
181,4,1,2
181,30,1,2
181,76,2,2
182,30,2,1
182,78,1,1
182,11,2,1
182,44,2,1
182,3,1,1
182,24,1,1
182,18,1,1
182,10,2,1
182,6,1,1
182,33,1,1
183,16,2,2
183,7,2,2
183,15,2,2
183,22,2,2
183,13,2,2
183,23,1,2
183,8,2,2
183,10,2,2
183,9,2,2
183,6,1,2
184,25,1,1
184,52,2,1
184,72,2,1
184,2,1,1
184,1,1,1
184,4,1,1
184,3,2,1
184,10,1,1
184,12,2,1
184,30,1,1
185,99,1,2
185,38,2,2
185,28,2,2
185,4,1,2
185,12,2,2
185,27,1,2
185,21,1,2
185,23,2,2
185,20,2,2
185,6,2,2
186,12,1,1
186,58,1,1
186,8,1,1
186,3,1,1
186,47,2,1
186,6,1,1
186,28,1,1
186,115,1,1
186,13,2,1
186,4,1,1
187,11,1,2
187,9,2,2
187,6,2,2
187,5,2,2
187,28,2,2
187,2,2,2
187,19,2,2
187,31,2,2
187,7,2,2
187,15,2,2
188,9,2,1
188,4,1,1
188,1,1,1
188,3,1,1
188,31,1,1
188,22,2,1
188,7,2,1
188,26,2,1
188,11,2,1
188,46,1,1
189,95,1,2
189,37,2,2
189,16,2,2
189,3,1,2
189,1,1,2
189,29,1,2
189,6,1,2
189,9,2,2
189,21,2,2
189,2,2,2
190,40,2,1
190,14,1,1
190,11,2,1
190,39,2,1
190,6,1,1
190,3,1,1
190,16,1,1
190,19,1,1
190,23,2,1
190,35,1,1
191,43,1,2
191,14,1,2
191,6,2,2
191,1,2,2
191,13,2,2
191,8,2,2
191,3,2,2
191,23,1,2
191,20,1,2
191,7,2,2
192,84,2,1
192,29,1,1
192,2,1,1
192,55,1,1
192,9,2,1
192,26,1,1
192,12,2,1
192,43,2,1
192,1,1,1
192,11,2,1
193,16,2,2
193,18,2,2
193,17,2,2
193,7,2,2
193,29,1,2
193,58,2,2
193,10,2,2
193,1,2,2
193,14,2,2
193,8,2,2
194,25,2,1
194,5,1,1
194,44,1,1
194,43,2,1
194,73,2,1
194,8,1,1
194,37,1,1
194,48,1,1
194,94,1,1
194,10,1,1
195,48,2,2
195,44,1,2
195,77,2,2
195,9,1,2
195,1,2,2
195,67,1,2
195,11,2,2
195,22,2,2
195,13,2,2
195,10,2,2
196,7,1,1
196,3,1,1
196,9,1,1
196,28,2,1
196,56,1,1
196,2,1,1
196,17,1,1
196,44,1,1
196,24,1,1
196,11,1,1
197,11,2,2
197,20,2,2
197,8,2,2
197,3,1,2
197,14,2,2
197,54,2,2
197,4,1,2
197,1,1,2
197,72,2,2
197,28,2,2
198,20,1,1
198,1,1,1
198,39,2,1
198,13,2,1
198,3,1,1
198,32,1,1
198,26,1,1
198,19,1,1
198,16,1,1
198,7,1,1
199,9,2,2
199,19,1,2
199,2,2,2
199,18,2,2
199,1,2,2
199,35,2,2
199,37,2,2
199,4,2,2
199,3,2,2
199,11,1,2
200,9,2,1
200,8,1,1
200,3,1,1
200,14,1,1
200,15,1,1
200,46,2,1
200,21,2,1
200,16,1,1
200,43,2,1
200,17,1,1
201,13,2,2
201,5,2,2
201,11,1,2
201,3,1,2
201,16,2,2
201,31,2,2
201,4,2,2
201,6,1,2
201,28,2,2
201,7,2,2
202,2,1,1
202,24,1,1
202,48,1,1
202,3,1,1
202,25,2,1
202,13,1,1
202,44,1,1
202,8,1,1
202,17,1,1
202,12,1,1
203,24,2,2
203,8,2,2
203,40,1,2
203,34,2,2
203,15,2,2
203,32,2,2
203,12,2,2
203,19,1,2
203,68,1,2
203,14,2,2
204,10,1,1
204,7,1,1
204,2,1,1
204,8,1,1
204,13,1,1
204,28,1,1
204,16,1,1
204,93,2,1
204,39,2,1
204,46,2,1
205,55,2,2
205,51,2,2
205,3,2,2
205,38,2,2
205,9,2,2
205,45,1,2
205,72,2,2
205,53,2,2
205,29,2,2
205,46,1,2
206,34,2,1
206,17,1,1
206,14,1,1
206,5,2,1
206,16,1,1
206,3,1,1
206,49,2,1
206,2,1,1
206,40,2,1
206,12,2,1
207,9,2,2
207,50,2,2
207,41,2,2
207,2,2,2
207,28,2,2
207,8,2,2
207,22,2,2
207,13,2,2
207,3,2,2
207,6,1,2
208,5,2,1
208,53,1,1
208,10,1,1
208,3,1,1
208,22,2,1
208,42,2,1
208,2,1,1
208,35,1,1
208,16,1,1
208,4,1,1
209,5,1,2
209,29,2,2
209,1,1,2
209,77,1,2
209,2,2,2
209,13,2,2
209,3,2,2
209,4,1,2
209,55,2,2
209,11,2,2
210,29,1,1
210,36,1,1
210,6,2,1
210,4,1,1
210,18,1,1
210,3,1,1
210,7,1,1
210,9,1,1
210,17,1,1
210,8,1,1
211,34,2,2
211,2,1,2
211,23,2,2
211,63,2,2
211,10,2,2
211,99,1,2
211,11,2,2
211,9,2,2
211,89,2,2
211,14,2,2
212,27,2,1
212,17,1,1
212,7,1,1
212,24,1,1
212,3,1,1
212,2,1,1
212,36,2,1
212,13,2,1
212,34,1,1
212,14,1,1
213,7,2,2
213,4,1,2
213,17,2,2
213,8,2,2
213,13,2,2
213,49,1,2
213,11,1,2
213,21,2,2
213,3,2,2
213,34,1,2
214,2,1,1
214,23,1,1
214,10,1,1
214,3,2,1
214,1,2,1
214,27,1,1
214,34,1,1
214,48,1,1
214,21,2,1
214,6,2,1
215,16,2,2
215,14,2,2
215,5,2,2
215,36,2,2
215,27,2,2
215,1,2,2
215,6,1,2
215,2,2,2
215,35,2,2
215,18,2,2
216,35,2,1
216,14,2,1
216,3,1,1
216,4,1,1
216,5,2,1
216,20,1,1
216,9,2,1
216,60,1,1
216,1,2,1
216,13,1,1
217,48,2,2
217,2,2,2
217,14,2,2
217,13,1,2
217,29,2,2
217,20,2,2
217,4,2,2
217,11,2,2
217,23,1,2
217,17,2,2
218,37,1,1
218,76,1,1
218,26,1,1
218,38,1,1
218,3,2,1
218,1,2,1
218,12,1,1
218,41,1,1
218,85,1,1
218,13,1,1
219,45,1,2
219,26,2,2
219,8,2,2
219,22,1,2
219,13,1,2
219,65,2,2
219,24,2,2
219,63,2,2
219,5,2,2
219,11,2,2
220,48,1,1
220,17,1,1
220,6,2,1
220,24,1,1
220,78,1,1
220,22,1,1
220,9,2,1
220,61,1,1
220,55,1,1
220,15,1,1
221,26,2,2
221,21,1,2
221,20,1,2
221,24,2,2
221,63,1,2
221,13,1,2
221,11,1,2
221,4,2,2
221,54,2,2
221,14,2,2
222,11,1,1
222,1,1,1
222,16,1,1
222,10,1,1
222,2,1,1
222,7,1,1
222,12,1,1
222,22,1,1
222,46,1,1
222,21,2,1
223,14,1,2
223,11,2,2
223,20,2,2
223,105,2,2
223,16,2,2
223,35,2,2
223,10,2,2
223,6,1,2
223,22,1,2
223,19,2,2
224,27,1,1
224,16,1,1
224,1,1,1
224,21,2,1
224,22,2,1
224,8,1,1
224,108,2,1
224,14,2,1
224,11,1,1
224,74,1,1
225,3,2,2
225,17,2,2
225,20,2,2
225,40,1,2
225,24,2,2
225,73,2,2
225,2,2,2
225,25,2,2
225,10,1,2
225,8,2,2
226,25,1,1
226,9,2,1
226,13,1,1
226,54,2,1
226,22,1,1
226,48,1,1
226,16,1,1
226,4,1,1
226,32,1,1
226,29,1,1
227,33,1,2
227,44,1,2
227,28,2,2
227,20,1,2
227,26,2,2
227,2,1,2
227,24,2,2
227,15,1,2
227,61,2,2
227,1,1,2
228,28,2,1
228,21,2,1
228,1,2,1
228,58,1,1
228,3,1,1
228,54,1,1
228,25,1,1
228,17,1,1
228,4,2,1
228,11,1,1
229,5,2,2
229,1,2,2
229,4,2,2
229,6,2,2
229,48,2,2
229,19,1,2
229,33,2,2
229,7,2,2
229,41,2,2
229,2,2,2
230,2,1,1
230,6,1,1
230,21,1,1
230,58,1,1
230,23,1,1
230,5,1,1
230,12,2,1
230,16,1,1
230,22,2,1
230,7,1,1
231,3,1,2
231,1,2,2
231,94,2,2
231,13,1,2
231,15,2,2
231,32,2,2
231,70,2,2
231,17,2,2
231,5,2,2
231,8,2,2
232,12,2,1
232,31,1,1
232,16,1,1
232,24,1,1
232,64,2,1
232,6,2,1
232,9,2,1
232,2,1,1
232,74,1,1
232,32,1,1
233,6,2,2
233,21,1,2
233,33,2,2
233,41,2,2
233,30,2,2
233,5,1,2
233,98,2,2
233,4,1,2
233,28,2,2
233,32,2,2
234,5,1,1
234,15,1,1
234,22,1,1
234,79,1,1
234,13,1,1
234,19,1,1
234,10,1,1
234,26,2,1
234,25,1,1
234,6,1,1
235,60,2,2
235,19,2,2
235,1,1,2
235,21,1,2
235,17,2,2
235,20,2,2
235,88,2,2
235,32,2,2
235,2,2,2
235,46,2,2
236,57,1,1
236,52,2,1
236,56,2,1
236,17,1,1
236,7,1,1
236,4,2,1
236,30,1,1
236,45,1,1
236,34,1,1
236,5,1,1
237,2,2,2
237,21,1,2
237,22,2,2
237,16,2,2
237,37,2,2
237,1,2,2
237,6,1,2
237,65,1,2
237,10,2,2
237,5,2,2
238,4,1,1
238,25,1,1
238,16,1,1
238,13,1,1
238,15,1,1
238,42,1,1
238,23,2,1
238,34,2,1
238,7,1,1
238,20,1,1
239,2,2,2
239,3,1,2
239,28,2,2
239,44,1,2
239,34,2,2
239,48,2,2
239,50,1,2
239,52,1,2
239,33,2,2
239,27,2,2
240,33,1,1
240,36,1,1
240,64,2,1
240,24,1,1
240,19,1,1
240,5,1,1
240,21,2,1
240,1,1,1
240,43,2,1
240,6,1,1
241,9,2,2
241,64,2,2
241,13,2,2
241,11,1,2
241,19,1,2
241,23,1,2
241,41,2,2
241,17,2,2
241,43,1,2
241,32,2,2
242,37,2,1
242,18,2,1
242,17,1,1
242,84,1,1
242,12,1,1
242,73,2,1
242,30,1,1
242,19,1,1
242,29,1,1
242,3,1,1
243,29,2,2
243,12,1,2
243,46,2,2
243,3,1,2
243,16,2,2
243,72,2,2
243,24,2,2
243,1,1,2
243,30,2,2
243,5,1,2
244,4,2,1
244,18,2,1
244,1,1,1
244,2,1,1
244,59,1,1
244,35,1,1
244,14,2,1
244,46,2,1
244,28,1,1
244,40,1,1
245,22,2,2
245,33,2,2
245,6,2,2
245,7,2,2
245,14,2,2
245,67,1,2
245,11,2,2
245,21,2,2
245,69,2,2
245,82,2,2
246,56,2,1
246,5,1,1
246,4,1,1
246,10,1,1
246,98,1,1
246,9,1,1
246,7,1,1
246,1,1,1
246,54,1,1
246,26,1,1
247,3,2,2
247,7,2,2
247,19,1,2
247,85,1,2
247,38,2,2
247,28,1,2
247,70,2,2
247,21,2,2
247,17,2,2
247,108,2,2
248,23,2,1
248,30,1,1
248,11,1,1
248,39,1,1
248,37,1,1
248,16,1,1
248,15,2,1
248,17,1,1
248,10,2,1
248,69,1,1
249,22,2,2
249,16,2,2
249,68,1,2
249,44,2,2
249,26,2,2
249,39,1,2
249,14,2,2
249,17,2,2
249,7,2,2
249,66,1,2
250,21,1,1
250,35,1,1
250,13,2,1
250,64,1,1
250,50,2,1
250,30,1,1
250,70,1,1
250,37,1,1
250,9,2,1
250,26,2,1
251,42,1,2
251,26,2,2
251,3,2,2
251,1,2,2
251,2,2,2
251,24,2,2
251,23,1,2
251,35,2,2
251,60,2,2
251,9,2,2
252,20,1,1
252,6,2,1
252,8,1,1
252,7,1,1
252,30,1,1
252,16,1,1
252,15,1,1
252,5,1,1
252,25,2,1
252,29,1,1
253,13,1,2
253,43,2,2
253,3,2,2
253,34,1,2
253,41,2,2
253,11,2,2
253,19,2,2
253,1,1,2
253,6,2,2
253,10,1,2
254,28,1,1
254,17,1,1
254,5,1,1
254,4,2,1
254,16,1,1
254,21,1,1
254,8,1,1
254,3,1,1
254,63,2,1
254,1,1,1
255,11,1,2
255,32,2,2
255,24,2,2
255,4,2,2
255,1,1,2
255,8,2,2
255,34,2,2
255,2,2,2
255,9,2,2
255,6,2,2
256,40,1,1
256,2,1,1
256,117,2,1
256,7,1,1
256,54,1,1
256,56,1,1
256,35,1,1
256,18,1,1
256,8,1,1
256,32,1,1
257,96,2,2
257,4,2,2
257,34,1,2
257,14,2,2
257,6,2,2
257,72,1,2
257,23,1,2
257,85,2,2
257,11,2,2
257,13,2,2
258,26,1,1
258,6,1,1
258,8,1,1
258,9,1,1
258,28,2,1
258,47,1,1
258,87,1,1
258,5,1,1
258,29,1,1
258,51,1,1
259,8,2,2
259,15,2,2
259,6,1,2
259,14,2,2
259,12,2,2
259,11,1,2
259,29,2,2
259,16,1,2
259,4,2,2
259,101,1,2
260,51,1,1
260,19,1,1
260,2,1,1
260,3,1,1
260,21,1,1
260,12,1,1
260,14,1,1
260,33,1,1
260,44,2,1
260,46,2,1
261,40,2,2
261,22,1,2
261,20,2,2
261,30,2,2
261,15,2,2
261,8,2,2
261,13,1,2
261,28,2,2
261,56,2,2
261,6,2,2
262,32,1,1
262,45,2,1
262,43,1,1
262,6,1,1
262,42,1,1
262,82,2,1
262,12,2,1
262,26,1,1
262,36,2,1
262,7,1,1
263,9,2,2
263,30,2,2
263,47,2,2
263,29,1,2
263,6,1,2
263,14,2,2
263,20,2,2
263,11,1,2
263,59,1,2
263,77,2,2
264,1,1,1
264,7,1,1
264,13,1,1
264,12,2,1
264,30,1,1
264,11,1,1
264,51,2,1
264,14,1,1
264,2,1,1
264,26,1,1
265,25,1,2
265,34,2,2
265,7,2,2
265,4,1,2
265,47,2,2
265,23,1,2
265,8,2,2
265,59,2,2
265,68,2,2
265,38,2,2
266,1,2,1
266,71,1,1
266,10,1,1
266,2,2,1
266,42,1,1
266,26,2,1
266,27,1,1
266,6,1,1
266,18,2,1
266,73,2,1
267,21,2,2
267,51,2,2
267,3,2,2
267,25,2,2
267,41,2,2
267,6,2,2
267,39,2,2
267,84,2,2
267,9,2,2
267,17,2,2
268,24,2,1
268,57,1,1
268,12,1,1
268,60,2,1
268,6,2,1
268,1,1,1
268,10,1,1
268,45,2,1
268,84,1,1
268,17,1,1
269,43,1,2
269,19,2,2
269,18,1,2
269,7,2,2
269,23,2,2
269,20,1,2
269,9,2,2
269,24,2,2
269,6,2,2
269,66,1,2
270,3,2,1
270,14,2,1
270,9,1,1
270,1,2,1
270,5,2,1
270,11,2,1
270,10,1,1
270,60,1,1
270,8,1,1
270,26,2,1
271,10,2,2
271,63,1,2
271,12,2,2
271,5,2,2
271,33,2,2
271,3,2,2
271,49,1,2
271,8,2,2
271,30,1,2
271,2,2,2
272,11,2,1
272,6,1,1
272,21,2,1
272,2,1,1
272,45,1,1
272,15,1,1
272,3,1,1
272,17,1,1
272,7,1,1
272,77,1,1
273,16,2,2
273,6,2,2
273,10,2,2
273,29,2,2
273,40,2,2
273,41,2,2
273,25,2,2
273,17,2,2
273,1,2,2
273,4,1,2
274,3,1,1
274,15,1,1
274,22,2,1
274,2,1,1
274,19,1,1
274,34,1,1
274,9,1,1
274,6,1,1
274,29,1,1
274,1,2,1
275,35,2,2
275,19,1,2
275,10,2,2
275,34,1,2
275,33,2,2
275,2,2,2
275,9,2,2
275,13,1,2
275,11,2,2
275,37,2,2
276,17,2,1
276,42,2,1
276,5,1,1
276,12,2,1
276,29,1,1
276,24,1,1
276,3,1,1
276,16,1,1
276,1,1,1
276,38,1,1
277,3,2,2
277,25,1,2
277,34,2,2
277,22,1,2
277,28,1,2
277,33,2,2
277,4,1,2
277,6,2,2
277,39,1,2
277,11,2,2
278,10,1,1
278,1,2,1
278,7,1,1
278,44,1,1
278,30,1,1
278,5,1,1
278,32,1,1
278,89,1,1
278,3,1,1
278,38,1,1
279,11,2,2
279,39,2,2
279,115,2,2
279,7,2,2
279,46,1,2
279,32,2,2
279,83,2,2
279,56,1,2
279,4,1,2
279,1,1,2
280,21,1,1
280,32,1,1
280,81,2,1
280,64,2,1
280,7,1,1
280,8,1,1
280,14,1,1
280,51,1,1
280,56,2,1
280,19,1,1
281,18,2,2
281,11,2,2
281,6,2,2
281,32,2,2
281,3,2,2
281,14,2,2
281,19,2,2
281,52,2,2
281,15,2,2
281,35,2,2
282,18,1,1
282,3,1,1
282,49,1,1
282,27,1,1
282,114,1,1
282,19,1,1
282,22,2,1
282,5,1,1
282,1,1,1
282,4,1,1
283,35,1,2
283,10,1,2
283,40,1,2
283,12,2,2
283,64,2,2
283,2,2,2
283,18,2,2
283,6,1,2
283,24,2,2
283,52,2,2
284,3,1,1
284,8,1,1
284,26,1,1
284,19,1,1
284,1,1,1
284,12,1,1
284,51,1,1
284,20,2,1
284,34,2,1
284,43,2,1
285,45,1,2
285,93,2,2
285,14,1,2
285,13,2,2
285,27,1,2
285,2,2,2
285,6,2,2
285,10,2,2
285,3,2,2
285,19,2,2
286,10,1,1
286,3,1,1
286,69,1,1
286,102,1,1
286,25,1,1
286,14,2,1
286,2,1,1
286,66,2,1
286,5,1,1
286,31,1,1
287,5,2,2
287,20,2,2
287,10,1,2
287,11,2,2
287,13,2,2
287,1,2,2
287,41,2,2
287,99,1,2
287,9,2,2
287,2,2,2
288,36,1,1
288,30,2,1
288,1,2,1
288,43,2,1
288,28,1,1
288,4,1,1
288,59,1,1
288,8,1,1
288,10,1,1
288,58,1,1
289,4,2,2
289,3,1,2
289,66,2,2
289,9,2,2
289,6,1,2
289,18,2,2
289,67,2,2
289,5,2,2
289,57,2,2
289,23,2,2
290,54,1,1
290,38,1,1
290,9,1,1
290,4,2,1
290,2,1,1
290,1,1,1
290,12,2,1
290,13,1,1
290,6,1,1
290,87,1,1
291,14,1,2
291,20,1,2
291,15,1,2
291,35,2,2
291,49,1,2
291,29,2,2
291,74,2,2
291,46,2,2
291,12,1,2
291,6,2,2
292,14,1,1
292,31,1,1
292,34,1,1
292,2,1,1
292,11,1,1
292,29,1,1
292,16,1,1
292,4,1,1
292,7,2,1
292,24,1,1
293,16,2,2
293,46,1,2
293,9,2,2
293,15,1,2
293,7,2,2
293,24,2,2
293,6,1,2
293,111,2,2
293,11,2,2
293,25,2,2
294,4,1,1
294,11,2,1
294,6,1,1
294,3,2,1
294,35,2,1
294,10,1,1
294,15,1,1
294,33,1,1
294,1,1,1
294,5,1,1
295,19,2,2
295,44,2,2
295,26,1,2
295,52,2,2
295,24,2,2
295,62,2,2
295,6,2,2
295,7,1,2
295,14,2,2
295,25,2,2
296,8,1,1
296,53,1,1
296,1,1,1
296,27,1,1
296,73,1,1
296,9,2,1
296,72,1,1
296,5,2,1
296,39,1,1
296,4,1,1
297,4,2,2
297,13,1,2
297,12,2,2
297,46,2,2
297,20,1,2
297,69,1,2
297,3,2,2
297,23,2,2
297,10,2,2
297,18,1,2
298,1,1,1
298,13,1,1
298,3,1,1
298,4,1,1
298,6,2,1
298,60,1,1
298,28,1,1
298,39,1,1
298,12,1,1
298,2,1,1
299,16,2,2
299,4,2,2
299,2,2,2
299,11,1,2
299,3,1,2
299,119,2,2
299,29,1,2
299,39,2,2
299,32,2,2
299,19,2,2
300,39,1,1
300,42,1,1
300,20,2,1
300,13,1,1
300,37,2,1
300,25,1,1
300,34,1,1
300,82,2,1
300,26,1,1
300,18,1,1
301,10,1,2
301,2,2,2
301,17,2,2
301,7,2,2
301,11,2,2
301,52,1,2
301,81,2,2
301,33,1,2
301,72,2,2
301,5,1,2
302,24,1,1
302,3,1,1
302,12,1,1
302,9,1,1
302,6,1,1
302,13,1,1
302,2,1,1
302,43,1,1
302,98,1,1
302,60,1,1
303,29,2,2
303,2,2,2
303,21,1,2
303,59,2,2
303,14,2,2
303,12,2,2
303,25,2,2
303,72,2,2
303,3,1,2
303,4,2,2
304,21,1,1
304,31,1,1
304,6,1,1
304,8,1,1
304,18,1,1
304,16,1,1
304,30,1,1
304,4,2,1
304,7,1,1
304,45,1,1
305,1,2,2
305,13,2,2
305,37,1,2
305,16,2,2
305,6,2,2
305,17,2,2
305,33,2,2
305,21,1,2
305,8,2,2
305,22,1,2
306,2,1,1
306,27,2,1
306,22,1,1
306,51,1,1
306,11,1,1
306,48,1,1
306,45,1,1
306,18,1,1
306,40,1,1
306,25,2,1
307,26,2,2
307,4,1,2
307,5,2,2
307,20,1,2
307,10,1,2
307,35,2,2
307,21,2,2
307,25,1,2
307,15,2,2
307,33,2,2
308,28,1,1
308,15,2,1
308,11,1,1
308,24,1,1
308,61,2,1
308,6,2,1
308,13,2,1
308,40,2,1
308,85,1,1
308,30,1,1
309,21,1,2
309,29,2,2
309,30,2,2
309,2,2,2
309,16,2,2
309,37,1,2
309,75,2,2
309,32,2,2
309,26,1,2
309,88,2,2
310,17,1,1
310,19,2,1
310,36,1,1
310,3,1,1
310,23,2,1
310,14,2,1
310,42,1,1
310,18,1,1
310,34,1,1
310,26,1,1
311,21,2,2
311,41,2,2
311,103,1,2
311,12,2,2
311,1,1,2
311,22,1,2
311,6,2,2
311,11,1,2
311,4,2,2
311,26,2,2
312,20,2,1
312,23,1,1
312,3,1,1
312,6,1,1
312,50,2,1
312,7,1,1
312,4,1,1
312,21,1,1
312,2,1,1
312,25,1,1
313,13,1,2
313,12,1,2
313,20,2,2
313,23,1,2
313,9,2,2
313,3,2,2
313,10,2,2
313,8,2,2
313,6,2,2
313,21,1,2
314,24,1,1
314,117,1,1
314,19,1,1
314,1,1,1
314,9,2,1
314,35,1,1
314,58,1,1
314,21,1,1
314,20,2,1
314,8,1,1
315,9,2,2
315,10,2,2
315,7,2,2
315,63,2,2
315,41,2,2
315,5,1,2
315,39,1,2
315,19,1,2
315,40,2,2
315,6,2,2
316,3,1,1
316,73,2,1
316,31,1,1
316,1,2,1
316,12,2,1
316,16,1,1
316,6,2,1
316,9,1,1
316,33,2,1
316,35,1,1
317,2,2,2
317,89,1,2
317,10,1,2
317,7,2,2
317,51,2,2
317,23,1,2
317,26,2,2
317,3,2,2
317,66,1,2
317,47,2,2
318,15,1,1
318,18,1,1
318,5,1,1
318,26,1,1
318,3,1,1
318,23,2,1
318,2,2,1
318,31,1,1
318,8,1,1
318,45,2,1
319,27,2,2
319,1,2,2
319,5,1,2
319,32,2,2
319,45,2,2
319,106,1,2
319,31,2,2
319,14,2,2
319,12,2,2
319,40,2,2
320,76,2,1
320,8,1,1
320,4,2,1
320,6,1,1
320,2,1,1
320,12,1,1
320,48,1,1
320,20,2,1
320,46,1,1
320,19,1,1
321,17,2,2
321,3,1,2
321,50,1,2
321,25,1,2
321,12,1,2
321,43,2,2
321,31,2,2
321,20,2,2
321,33,1,2
321,1,1,2
322,10,1,1
322,11,2,1
322,5,1,1
322,7,1,1
322,2,1,1
322,40,2,1
322,1,2,1
322,18,2,1
322,20,1,1
322,58,2,1
323,81,2,2
323,2,1,2
323,49,2,2
323,15,2,2
323,29,2,2
323,13,1,2
323,9,1,2
323,8,2,2
323,32,1,2
323,10,2,2
324,18,1,1
324,6,1,1
324,21,2,1
324,13,1,1
324,8,1,1
324,26,1,1
324,112,1,1
324,28,1,1
324,47,2,1
324,102,2,1
325,59,2,2
325,5,2,2
325,3,2,2
325,43,2,2
325,2,1,2
325,21,1,2
325,27,2,2
325,13,1,2
325,47,2,2
325,18,2,2
326,7,1,1
326,6,1,1
326,1,2,1
326,25,1,1
326,3,1,1
326,44,1,1
326,12,2,1
326,15,2,1
326,35,1,1
326,14,2,1
327,28,1,2
327,32,2,2
327,6,1,2
327,27,2,2
327,15,2,2
327,1,1,2
327,49,2,2
327,4,2,2
327,17,2,2
327,34,1,2
328,22,1,1
328,6,1,1
328,1,1,1
328,8,1,1
328,11,1,1
328,31,1,1
328,9,1,1
328,28,2,1
328,26,1,1
328,42,1,1
329,15,2,2
329,58,2,2
329,3,2,2
329,10,2,2
329,4,1,2
329,101,2,2
329,91,1,2
329,19,2,2
329,1,1,2
329,81,1,2
330,19,1,1
330,85,2,1
330,3,1,1
330,11,1,1
330,23,1,1
330,64,1,1
330,6,2,1
330,5,2,1
330,4,2,1
330,2,1,1
331,34,2,2
331,59,2,2
331,11,2,2
331,24,2,2
331,21,2,2
331,22,1,2
331,8,2,2
331,2,2,2
331,12,1,2
331,45,2,2
332,7,1,1
332,5,1,1
332,14,2,1
332,23,1,1
332,19,1,1
332,3,2,1
332,1,1,1
332,15,1,1
332,13,2,1
332,27,1,1
333,24,2,2
333,2,2,2
333,7,2,2
333,78,2,2
333,3,2,2
333,23,2,2
333,9,2,2
333,19,2,2
333,12,2,2
333,92,2,2
334,10,1,1
334,4,2,1
334,3,1,1
334,29,1,1
334,93,2,1
334,32,1,1
334,23,1,1
334,90,2,1
334,28,1,1
334,2,1,1
335,14,2,2
335,75,2,2
335,3,2,2
335,15,2,2
335,29,2,2
335,20,2,2
335,10,2,2
335,16,2,2
335,50,2,2
335,32,2,2
336,82,1,1
336,8,1,1
336,30,1,1
336,18,2,1
336,78,2,1
336,22,1,1
336,20,1,1
336,13,1,1
336,54,1,1
336,9,1,1
337,15,2,2
337,11,2,2
337,23,2,2
337,7,1,2
337,50,2,2
337,22,2,2
337,3,2,2
337,19,2,2
337,27,1,2
337,6,2,2
338,16,1,1
338,12,1,1
338,26,1,1
338,1,1,1
338,9,1,1
338,27,2,1
338,5,1,1
338,13,2,1
338,4,2,1
338,39,2,1
339,43,2,2
339,39,2,2
339,40,1,2
339,20,2,2
339,11,2,2
339,12,1,2
339,85,2,2
339,16,2,2
339,13,2,2
339,3,2,2
340,9,1,1
340,18,1,1
340,25,1,1
340,14,2,1
340,28,2,1
340,4,2,1
340,93,1,1
340,5,1,1
340,17,2,1
340,10,2,1
341,7,2,2
341,37,2,2
341,46,2,2
341,10,2,2
341,5,2,2
341,2,2,2
341,4,2,2
341,18,2,2
341,103,2,2
341,6,2,2
342,13,2,1
342,27,1,1
342,56,1,1
342,28,2,1
342,15,1,1
342,26,1,1
342,6,1,1
342,57,2,1
342,12,1,1
342,20,2,1
343,24,2,2
343,14,1,2
343,9,1,2
343,1,2,2
343,11,1,2
343,29,2,2
343,17,2,2
343,3,2,2
343,19,2,2
343,25,2,2
344,33,1,1
344,42,1,1
344,2,1,1
344,26,1,1
344,13,1,1
344,14,1,1
344,4,2,1
344,11,1,1
344,1,2,1
344,67,1,1
345,11,2,2
345,28,2,2
345,42,2,2
345,33,2,2
345,55,2,2
345,5,2,2
345,41,2,2
345,16,2,2
345,21,1,2
345,1,2,2
346,7,1,1
346,6,1,1
346,1,1,1
346,35,1,1
346,2,1,1
346,16,1,1
346,60,1,1
346,30,1,1
346,39,1,1
346,58,1,1
347,37,2,2
347,65,2,2
347,17,2,2
347,43,2,2
347,3,2,2
347,5,1,2
347,14,2,2
347,77,2,2
347,23,2,2
347,48,2,2
348,15,2,1
348,5,1,1
348,33,2,1
348,24,2,1
348,26,1,1
348,28,1,1
348,1,1,1
348,39,1,1
348,32,1,1
348,9,2,1
349,8,2,2
349,4,2,2
349,32,2,2
349,5,2,2
349,16,2,2
349,37,2,2
349,28,2,2
349,7,2,2
349,33,1,2
349,9,2,2
350,5,2,1
350,12,1,1
350,18,1,1
350,66,1,1
350,17,1,1
350,40,1,1
350,54,2,1
350,14,1,1
350,4,2,1
350,34,1,1
351,10,2,2
351,17,2,2
351,28,1,2
351,12,2,2
351,4,2,2
351,11,1,2
351,8,2,2
351,33,2,2
351,16,2,2
351,25,2,2
352,2,1,1
352,44,2,1
352,29,1,1
352,18,1,1
352,16,2,1
352,8,1,1
352,1,2,1
352,42,1,1
352,41,1,1
352,10,2,1
353,29,2,2
353,24,2,2
353,27,1,2
353,3,1,2
353,84,2,2
353,2,2,2
353,23,2,2
353,40,1,2
353,18,2,2
353,21,1,2
354,3,2,1
354,64,2,1
354,13,1,1
354,4,1,1
354,57,1,1
354,17,1,1
354,9,1,1
354,27,2,1
354,36,1,1
354,19,1,1
355,4,1,2
355,12,1,2
355,1,2,2
355,24,2,2
355,13,1,2
355,3,2,2
355,9,1,2
355,8,2,2
355,23,2,2
355,6,2,2
356,14,1,1
356,45,2,1
356,26,1,1
356,13,2,1
356,3,1,1
356,64,1,1
356,9,1,1
356,35,1,1
356,4,2,1
356,63,1,1
357,15,2,2
357,37,2,2
357,1,2,2
357,36,2,2
357,29,2,2
357,4,1,2
357,16,2,2
357,21,2,2
357,7,2,2
357,3,2,2
358,9,1,1
358,17,1,1
358,19,1,1
358,43,1,1
358,12,1,1
358,18,1,1
358,42,2,1
358,13,1,1
358,109,2,1
358,3,2,1
359,2,1,2
359,4,1,2
359,39,2,2
359,24,1,2
359,16,2,2
359,10,2,2
359,33,1,2
359,9,2,2
359,35,2,2
359,1,2,2
360,9,1,1
360,11,1,1
360,3,1,1
360,6,1,1
360,115,1,1
360,35,1,1
360,13,2,1
360,5,2,1
360,1,1,1
360,29,1,1
361,58,2,2
361,11,1,2
361,47,2,2
361,37,2,2
361,55,2,2
361,9,2,2
361,13,2,2
361,4,1,2
361,7,2,2
361,104,2,2
362,38,1,1
362,39,1,1
362,34,2,1
362,4,2,1
362,83,1,1
362,28,2,1
362,26,1,1
362,3,1,1
362,15,1,1
362,58,1,1
363,80,2,2
363,32,2,2
363,1,1,2
363,31,2,2
363,7,2,2
363,25,2,2
363,3,2,2
363,12,1,2
363,45,2,2
363,29,2,2
364,2,1,1
364,32,1,1
364,7,2,1
364,3,1,1
364,23,1,1
364,81,2,1
364,5,1,1
364,28,1,1
364,24,1,1
364,33,2,1
365,17,2,2
365,7,2,2
365,5,2,2
365,54,2,2
365,31,1,2
365,65,2,2
365,24,2,2
365,15,2,2
365,4,1,2
365,16,2,2
366,45,2,1
366,3,1,1
366,21,1,1
366,14,1,1
366,108,1,1
366,1,2,1
366,83,1,1
366,6,1,1
366,32,1,1
366,13,1,1
367,23,2,2
367,38,2,2
367,17,1,2
367,31,2,2
367,28,1,2
367,1,2,2
367,41,2,2
367,11,2,2
367,27,1,2
367,35,2,2
368,10,2,1
368,1,2,1
368,24,1,1
368,11,2,1
368,3,1,1
368,9,1,1
368,57,1,1
368,17,1,1
368,31,1,1
368,20,2,1
369,2,2,2
369,49,2,2
369,38,2,2
369,11,1,2
369,33,1,2
369,4,2,2
369,39,2,2
369,22,2,2
369,62,2,2
369,5,2,2
370,34,2,1
370,2,1,1
370,39,1,1
370,3,1,1
370,11,2,1
370,29,1,1
370,4,2,1
370,30,1,1
370,16,1,1
370,24,1,1
371,44,2,2
371,50,2,2
371,60,2,2
371,62,2,2
371,83,2,2
371,2,2,2
371,46,2,2
371,27,2,2
371,14,2,2
371,10,1,2
372,6,1,1
372,13,2,1
372,14,2,1
372,8,1,1
372,29,1,1
372,62,1,1
372,3,2,1
372,2,1,1
372,10,1,1
372,109,1,1
373,24,2,2
373,7,2,2
373,33,1,2
373,8,2,2
373,56,1,2
373,13,1,2
373,30,1,2
373,3,2,2
373,43,1,2
373,10,2,2
374,6,1,1
374,25,2,1
374,7,1,1
374,2,1,1
374,16,1,1
374,14,1,1
374,1,1,1
374,3,2,1
374,15,1,1
374,23,2,1
375,59,2,2
375,23,2,2
375,14,2,2
375,19,2,2
375,26,1,2
375,18,2,2
375,15,1,2
375,36,2,2
375,32,2,2
375,5,2,2
376,3,1,1
376,10,1,1
376,6,1,1
376,9,1,1
376,26,1,1
376,37,1,1
376,4,2,1
376,7,1,1
376,5,2,1
376,14,2,1
377,1,1,2
377,58,2,2
377,11,2,2
377,40,1,2
377,15,2,2
377,22,1,2
377,70,2,2
377,47,2,2
377,14,2,2
377,13,2,2
378,10,1,1
378,5,1,1
378,15,1,1
378,80,2,1
378,55,1,1
378,8,1,1
378,31,2,1
378,29,1,1
378,26,1,1
378,21,2,1
379,43,2,2
379,23,2,2
379,10,2,2
379,11,2,2
379,18,2,2
379,8,2,2
379,16,2,2
379,113,1,2
379,12,2,2
379,17,2,2
380,1,2,1
380,19,1,1
380,68,1,1
380,11,1,1
380,34,1,1
380,7,1,1
380,62,1,1
380,14,1,1
380,5,1,1
380,21,1,1
381,28,2,2
381,16,2,2
381,8,2,2
381,77,2,2
381,49,2,2
381,6,2,2
381,74,2,2
381,3,2,2
381,57,2,2
381,5,1,2
382,39,1,1
382,30,1,1
382,11,2,1
382,7,1,1
382,1,2,1
382,4,2,1
382,85,1,1
382,31,1,1
382,13,2,1
382,87,1,1
383,17,2,2
383,3,1,2
383,27,2,2
383,4,1,2
383,12,1,2
383,1,1,2
383,16,2,2
383,14,1,2
383,19,2,2
383,23,1,2
384,54,2,1
384,39,1,1
384,40,2,1
384,14,1,1
384,13,1,1
384,5,1,1
384,15,1,1
384,35,1,1
384,1,1,1
384,29,1,1
385,16,2,2
385,62,2,2
385,1,2,2
385,70,2,2
385,67,2,2
385,10,1,2
385,56,1,2
385,5,2,2
385,2,2,2
385,9,1,2
386,5,2,1
386,17,1,1
386,4,2,1
386,9,1,1
386,3,2,1
386,88,1,1
386,2,1,1
386,52,1,1
386,10,1,1
386,29,1,1
387,14,1,2
387,7,2,2
387,20,2,2
387,34,1,2
387,4,1,2
387,15,1,2
387,10,1,2
387,1,2,2
387,6,2,2
387,21,1,2
388,32,1,1
388,10,1,1
388,2,1,1
388,14,2,1
388,17,1,1
388,11,2,1
388,19,1,1
388,24,1,1
388,16,1,1
388,8,1,1
389,43,2,2
389,21,1,2
389,24,2,2
389,9,2,2
389,33,2,2
389,14,2,2
389,11,1,2
389,7,2,2
389,5,1,2
389,41,2,2
390,5,1,1
390,35,2,1
390,18,1,1
390,3,1,1
390,28,2,1
390,7,1,1
390,14,1,1
390,20,2,1
390,29,1,1
390,6,1,1
391,4,2,2
391,82,2,2
391,3,1,2
391,19,2,2
391,14,1,2
391,12,1,2
391,5,2,2
391,50,2,2
391,6,1,2
391,9,1,2
392,5,1,1
392,3,1,1
392,12,1,1
392,59,2,1
392,8,1,1
392,10,1,1
392,24,1,1
392,4,1,1
392,26,2,1
392,14,2,1
393,3,2,2
393,53,1,2
393,1,1,2
393,8,2,2
393,31,2,2
393,25,1,2
393,28,2,2
393,38,2,2
393,32,2,2
393,18,2,2
394,24,1,1
394,25,1,1
394,9,1,1
394,12,1,1
394,14,2,1
394,33,1,1
394,6,1,1
394,17,1,1
394,2,1,1
394,44,1,1
395,15,1,2
395,19,2,2
395,18,2,2
395,60,1,2
395,35,2,2
395,39,2,2
395,12,2,2
395,40,2,2
395,1,1,2
395,47,2,2
396,72,1,1
396,1,2,1
396,14,1,1
396,74,1,1
396,28,1,1
396,39,1,1
396,5,1,1
396,33,2,1
396,51,1,1
396,12,1,1
397,32,2,2
397,71,2,2
397,36,2,2
397,39,2,2
397,11,1,2
397,3,2,2
397,10,2,2
397,17,2,2
397,9,1,2
397,2,2,2
398,7,1,1
398,40,1,1
398,4,1,1
398,51,2,1
398,9,1,1
398,19,1,1
398,5,1,1
398,55,1,1
398,62,2,1
398,32,1,1
399,9,1,2
399,17,1,2
399,22,1,2
399,12,2,2
399,3,2,2
399,4,2,2
399,10,2,2
399,1,1,2
399,43,2,2
399,23,1,2
400,7,1,1
400,3,1,1
400,20,1,1
400,1,2,1
400,25,1,1
400,27,1,1
400,23,1,1
400,10,1,1
400,9,1,1
400,15,1,1
401,13,2,2
401,21,2,2
401,7,2,2
401,17,2,2
401,8,2,2
401,6,1,2
401,32,2,2
401,10,2,2
401,1,2,2
401,5,1,2
402,41,1,1
402,45,1,1
402,4,1,1
402,33,1,1
402,16,1,1
402,69,1,1
402,14,2,1
402,12,1,1
402,2,1,1
402,35,1,1
403,2,2,2
403,8,1,2
403,7,2,2
403,91,2,2
403,4,1,2
403,62,2,2
403,12,2,2
403,10,2,2
403,36,2,2
403,53,2,2
404,18,1,1
404,1,2,1
404,11,2,1
404,4,2,1
404,41,1,1
404,6,1,1
404,68,2,1
404,12,1,1
404,22,2,1
404,15,2,1
405,26,2,2
405,2,1,2
405,52,2,2
405,4,2,2
405,5,1,2
405,16,2,2
405,56,2,2
405,33,2,2
405,7,2,2
405,31,2,2
406,36,1,1
406,21,1,1
406,13,1,1
406,11,2,1
406,20,1,1
406,2,1,1
406,25,1,1
406,17,1,1
406,1,2,1
406,19,1,1
407,16,2,2
407,7,2,2
407,20,2,2
407,46,2,2
407,15,2,2
407,3,2,2
407,36,2,2
407,5,2,2
407,11,1,2
407,14,2,2
408,5,1,1
408,80,1,1
408,65,1,1
408,3,2,1
408,1,2,1
408,26,1,1
408,4,2,1
408,38,1,1
408,8,1,1
408,11,1,1
409,94,2,2
409,2,2,2
409,28,1,2
409,1,2,2
409,79,2,2
409,15,2,2
409,11,2,2
409,32,2,2
409,21,2,2
409,8,2,2
410,1,1,1
410,36,1,1
410,29,1,1
410,21,2,1
410,41,1,1
410,4,2,1
410,12,2,1
410,52,1,1
410,17,1,1
410,13,2,1
411,17,2,2
411,3,1,2
411,6,2,2
411,13,2,2
411,54,2,2
411,18,1,2
411,15,2,2
411,4,1,2
411,9,1,2
411,24,2,2
412,4,2,1
412,1,2,1
412,82,1,1
412,36,1,1
412,33,2,1
412,29,1,1
412,99,2,1
412,22,1,1
412,55,2,1
412,20,1,1
413,6,2,2
413,3,2,2
413,37,2,2
413,4,2,2
413,11,1,2
413,9,2,2
413,5,2,2
413,47,2,2
413,1,1,2
413,22,2,2
414,1,1,1
414,3,1,1
414,2,1,1
414,9,1,1
414,23,1,1
414,14,2,1
414,12,2,1
414,19,1,1
414,36,1,1
414,66,2,1
415,12,1,2
415,40,2,2
415,23,1,2
415,16,2,2
415,18,2,2
415,71,2,2
415,1,2,2
415,48,2,2
415,7,2,2
415,42,1,2
416,33,1,1
416,27,2,1
416,26,1,1
416,6,1,1
416,28,1,1
416,12,1,1
416,19,1,1
416,8,1,1
416,16,1,1
416,1,1,1
417,28,2,2
417,10,2,2
417,8,2,2
417,24,2,2
417,2,2,2
417,23,1,2
417,42,2,2
417,63,2,2
417,5,1,2
417,15,2,2
418,22,2,1
418,30,1,1
418,1,1,1
418,3,1,1
418,35,1,1
418,31,2,1
418,46,2,1
418,2,1,1
418,9,1,1
418,10,2,1
419,11,2,2
419,10,2,2
419,26,2,2
419,22,2,2
419,3,1,2
419,23,2,2
419,4,1,2
419,20,1,2
419,37,2,2
419,52,1,2
420,11,2,1
420,10,1,1
420,24,1,1
420,8,1,1
420,5,2,1
420,21,1,1
420,6,2,1
420,56,1,1
420,13,1,1
420,22,2,1
421,15,2,2
421,16,2,2
421,24,2,2
421,5,2,2
421,25,1,2
421,19,2,2
421,8,2,2
421,4,1,2
421,44,1,2
421,69,2,2
422,65,1,1
422,6,1,1
422,57,2,1
422,13,1,1
422,28,1,1
422,41,1,1
422,8,1,1
422,9,2,1
422,47,1,1
422,3,2,1
423,17,2,2
423,2,2,2
423,12,2,2
423,61,1,2
423,31,2,2
423,7,1,2
423,6,2,2
423,24,2,2
423,8,2,2
423,9,2,2
424,24,1,1
424,37,1,1
424,10,1,1
424,47,1,1
424,44,1,1
424,1,2,1
424,3,1,1
424,15,1,1
424,20,1,1
424,28,2,1
425,7,2,2
425,21,1,2
425,72,1,2
425,19,2,2
425,65,2,2
425,24,2,2
425,1,1,2
425,4,2,2
425,89,2,2
425,8,2,2
426,15,2,1
426,7,1,1
426,25,1,1
426,27,2,1
426,20,1,1
426,70,1,1
426,32,1,1
426,2,1,1
426,66,1,1
426,3,1,1
427,10,1,2
427,39,2,2
427,17,2,2
427,33,1,2
427,18,2,2
427,23,2,2
427,7,2,2
427,94,1,2
427,81,2,2
427,4,2,2
428,42,2,1
428,12,1,1
428,4,2,1
428,44,1,1
428,13,1,1
428,34,2,1
428,10,1,1
428,18,1,1
428,23,2,1
428,27,1,1
429,16,2,2
429,14,1,2
429,11,2,2
429,17,2,2
429,28,1,2
429,39,2,2
429,35,2,2
429,8,2,2
429,25,1,2
429,23,2,2
430,14,2,1
430,38,1,1
430,76,2,1
430,10,1,1
430,16,1,1
430,37,1,1
430,43,2,1
430,47,1,1
430,2,2,1
430,7,1,1
431,117,2,2
431,15,2,2
431,14,1,2
431,49,2,2
431,63,2,2
431,16,2,2
431,10,2,2
431,21,1,2
431,5,1,2
431,26,2,2
432,19,1,1
432,17,1,1
432,65,1,1
432,20,2,1
432,1,2,1
432,23,2,1
432,62,2,1
432,89,1,1
432,7,1,1
432,6,2,1
433,87,2,2
433,59,1,2
433,24,2,2
433,6,1,2
433,11,2,2
433,3,1,2
433,27,2,2
433,2,2,2
433,29,2,2
433,10,2,2
434,8,1,1
434,27,2,1
434,15,1,1
434,22,1,1
434,34,2,1
434,56,2,1
434,14,2,1
434,4,1,1
434,10,1,1
434,11,2,1
435,21,1,2
435,47,1,2
435,76,1,2
435,20,2,2
435,16,2,2
435,15,1,2
435,5,2,2
435,46,2,2
435,10,1,2
435,14,1,2
436,2,1,1
436,4,1,1
436,20,2,1
436,15,1,1
436,46,2,1
436,95,1,1
436,13,1,1
436,3,1,1
436,8,1,1
436,10,1,1
437,20,2,2
437,3,2,2
437,42,2,2
437,2,2,2
437,13,2,2
437,63,2,2
437,69,2,2
437,4,1,2
437,36,2,2
437,6,1,2
438,27,1,1
438,20,1,1
438,9,2,1
438,42,1,1
438,4,2,1
438,19,1,1
438,60,1,1
438,13,1,1
438,52,1,1
438,84,2,1
439,1,2,2
439,37,2,2
439,28,2,2
439,4,1,2
439,44,1,2
439,31,2,2
439,34,2,2
439,56,2,2
439,5,1,2
439,25,1,2
440,7,1,1
440,5,1,1
440,22,2,1
440,11,1,1
440,6,2,1
440,30,1,1
440,15,1,1
440,12,1,1
440,70,2,1
440,16,1,1
441,9,1,2
441,12,2,2
441,18,2,2
441,22,2,2
441,72,2,2
441,25,2,2
441,14,2,2
441,29,2,2
441,42,1,2
441,31,2,2
442,26,2,1
442,60,1,1
442,22,1,1
442,23,1,1
442,34,2,1
442,8,2,1
442,24,1,1
442,2,1,1
442,33,2,1
442,15,2,1
443,3,2,2
443,15,2,2
443,16,2,2
443,26,2,2
443,34,2,2
443,50,2,2
443,22,2,2
443,17,2,2
443,53,2,2
443,30,1,2
444,57,1,1
444,14,1,1
444,29,1,1
444,1,1,1
444,10,1,1
444,69,1,1
444,21,1,1
444,46,2,1
444,36,1,1
444,12,1,1
445,9,2,2
445,5,2,2
445,29,2,2
445,32,2,2
445,1,2,2
445,39,2,2
445,11,2,2
445,24,1,2
445,59,2,2
445,50,2,2
446,7,1,1
446,13,1,1
446,2,1,1
446,3,1,1
446,12,1,1
446,20,2,1
446,29,1,1
446,27,2,1
446,47,1,1
446,15,2,1
447,2,2,2
447,28,2,2
447,12,1,2
447,13,2,2
447,70,1,2
447,47,1,2
447,103,2,2
447,56,1,2
447,63,2,2
447,19,1,2
448,31,1,1
448,9,1,1
448,45,1,1
448,5,2,1
448,42,1,1
448,16,1,1
448,28,1,1
448,1,2,1
448,94,2,1
448,62,1,1
449,9,2,2
449,106,2,2
449,16,2,2
449,8,2,2
449,71,2,2
449,17,2,2
449,57,2,2
449,50,2,2
449,28,2,2
449,1,2,2
450,6,1,1
450,11,2,1
450,1,1,1
450,4,1,1
450,3,1,1
450,63,2,1
450,47,2,1
450,31,1,1
450,12,2,1
450,9,2,1
451,8,2,2
451,37,2,2
451,4,1,2
451,36,2,2
451,16,2,2
451,11,2,2
451,17,2,2
451,7,2,2
451,45,2,2
451,48,2,2
452,9,2,1
452,23,2,1
452,20,1,1
452,21,1,1
452,2,1,1
452,32,2,1
452,84,2,1
452,38,1,1
452,40,2,1
452,4,1,1
453,8,2,2
453,54,2,2
453,10,2,2
453,43,1,2
453,4,1,2
453,29,2,2
453,5,2,2
453,26,2,2
453,16,2,2
453,6,2,2
454,1,1,1
454,42,2,1
454,10,2,1
454,52,2,1
454,20,1,1
454,12,2,1
454,7,1,1
454,5,1,1
454,54,2,1
454,9,1,1
455,13,1,2
455,46,2,2
455,8,2,2
455,14,2,2
455,33,2,2
455,21,1,2
455,6,2,2
455,109,2,2
455,66,2,2
455,28,1,2
456,22,2,1
456,7,1,1
456,1,1,1
456,42,2,1
456,21,1,1
456,57,1,1
456,46,2,1
456,9,1,1
456,6,2,1
456,2,1,1
457,23,2,2
457,13,2,2
457,15,2,2
457,4,2,2
457,52,1,2
457,41,2,2
457,38,2,2
457,101,2,2
457,20,1,2
457,22,1,2
458,43,1,1
458,13,1,1
458,8,1,1
458,74,1,1
458,30,1,1
458,36,1,1
458,14,1,1
458,38,1,1
458,3,1,1
458,51,1,1
459,92,2,2
459,5,2,2
459,39,2,2
459,61,2,2
459,59,2,2
459,44,2,2
459,78,2,2
459,27,2,2
459,3,1,2
459,31,2,2
460,3,1,1
460,47,2,1
460,2,1,1
460,13,1,1
460,5,1,1
460,14,1,1
460,56,1,1
460,35,1,1
460,38,1,1
460,119,1,1
461,6,1,2
461,4,1,2
461,12,2,2
461,3,2,2
461,21,2,2
461,59,1,2
461,2,2,2
461,28,2,2
461,8,2,2
461,15,2,2
462,13,2,1
462,4,1,1
462,24,1,1
462,17,1,1
462,38,1,1
462,25,1,1
462,8,1,1
462,54,1,1
462,1,1,1
462,9,2,1
463,17,2,2
463,14,1,2
463,16,2,2
463,19,2,2
463,41,2,2
463,4,2,2
463,30,2,2
463,99,1,2
463,39,2,2
463,31,2,2
464,26,1,1
464,50,1,1
464,10,2,1
464,11,1,1
464,7,1,1
464,5,2,1
464,23,2,1
464,29,1,1
464,16,2,1
464,30,1,1
465,3,2,2
465,13,2,2
465,65,1,2
465,22,1,2
465,2,2,2
465,11,1,2
465,17,2,2
465,27,2,2
465,28,2,2
465,12,1,2
466,37,1,1
466,1,1,1
466,33,1,1
466,10,1,1
466,16,1,1
466,3,1,1
466,43,2,1
466,8,2,1
466,12,1,1
466,24,1,1
467,31,2,2
467,7,2,2
467,5,1,2
467,36,2,2
467,4,1,2
467,1,1,2
467,14,2,2
467,58,2,2
467,25,2,2
467,30,2,2
468,14,1,1
468,94,2,1
468,13,1,1
468,10,1,1
468,23,1,1
468,42,1,1
468,11,1,1
468,47,1,1
468,8,1,1
468,2,1,1
469,46,2,2
469,7,2,2
469,10,2,2
469,2,2,2
469,40,2,2
469,15,2,2
469,8,2,2
469,54,2,2
469,39,1,2
469,25,2,2
470,36,1,1
470,50,2,1
470,35,1,1
470,8,1,1
470,17,1,1
470,15,1,1
470,39,1,1
470,96,1,1
470,59,1,1
470,12,1,1
471,4,1,2
471,17,2,2
471,3,1,2
471,2,2,2
471,49,2,2
471,6,2,2
471,5,2,2
471,9,1,2
471,24,2,2
471,8,2,2
472,11,2,1
472,26,1,1
472,58,2,1
472,71,1,1
472,14,2,1
472,5,1,1
472,10,1,1
472,41,1,1
472,1,2,1
472,19,2,1
473,5,2,2
473,48,2,2
473,19,2,2
473,32,2,2
473,3,2,2
473,18,2,2
473,11,2,2
473,14,2,2
473,16,2,2
473,37,2,2
474,6,2,1
474,43,1,1
474,4,2,1
474,18,1,1
474,14,1,1
474,80,1,1
474,11,1,1
474,9,1,1
474,19,2,1
474,53,1,1
475,38,2,2
475,6,2,2
475,47,1,2
475,19,2,2
475,56,1,2
475,22,1,2
475,21,1,2
475,5,1,2
475,10,2,2
475,33,1,2
476,13,2,1
476,3,1,1
476,27,1,1
476,10,1,1
476,113,1,1
476,2,1,1
476,28,1,1
476,8,1,1
476,23,1,1
476,18,1,1
477,42,1,2
477,11,2,2
477,22,1,2
477,10,2,2
477,5,1,2
477,7,2,2
477,6,2,2
477,30,2,2
477,106,2,2
477,44,2,2
478,35,2,1
478,7,1,1
478,53,1,1
478,28,2,1
478,5,1,1
478,29,1,1
478,4,1,1
478,11,1,1
478,18,2,1
478,22,1,1
479,40,2,2
479,19,2,2
479,10,2,2
479,73,1,2
479,1,2,2
479,44,2,2
479,54,2,2
479,29,2,2
479,49,2,2
479,8,2,2
480,36,1,1
480,41,1,1
480,17,1,1
480,13,1,1
480,18,1,1
480,24,1,1
480,35,2,1
480,5,1,1
480,4,1,1
480,84,1,1
481,17,2,2
481,5,1,2
481,8,2,2
481,24,2,2
481,1,2,2
481,40,2,2
481,19,2,2
481,3,1,2
481,7,2,2
481,10,2,2
482,16,1,1
482,4,2,1
482,10,1,1
482,20,1,1
482,8,1,1
482,1,1,1
482,96,1,1
482,30,1,1
482,22,1,1
482,26,2,1
483,39,2,2
483,18,2,2
483,13,2,2
483,20,1,2
483,19,2,2
483,76,2,2
483,5,1,2
483,36,2,2
483,1,2,2
483,28,2,2
484,65,1,1
484,3,1,1
484,25,1,1
484,2,1,1
484,1,2,1
484,13,2,1
484,6,2,1
484,44,2,1
484,39,1,1
484,40,1,1
485,9,1,2
485,116,2,2
485,30,2,2
485,2,1,2
485,24,2,2
485,3,1,2
485,32,2,2
485,35,2,2
485,15,2,2
485,1,1,2
486,2,1,1
486,12,1,1
486,4,2,1
486,6,1,1
486,30,1,1
486,36,1,1
486,5,2,1
486,7,1,1
486,16,1,1
486,43,1,1
487,7,2,2
487,10,1,2
487,3,2,2
487,32,2,2
487,13,2,2
487,36,2,2
487,30,2,2
487,28,1,2
487,19,2,2
487,14,1,2
488,70,2,1
488,22,2,1
488,35,2,1
488,59,2,1
488,12,1,1
488,17,1,1
488,8,1,1
488,1,2,1
488,5,1,1
488,62,1,1
489,13,2,2
489,41,2,2
489,12,2,2
489,17,2,2
489,36,2,2
489,3,2,2
489,50,1,2
489,6,2,2
489,14,2,2
489,15,2,2
490,7,2,1
490,2,1,1
490,1,2,1
490,34,1,1
490,11,1,1
490,15,1,1
490,53,1,1
490,38,1,1
490,12,1,1
490,30,1,1
491,30,2,2
491,24,2,2
491,11,2,2
491,10,2,2
491,2,2,2
491,16,2,2
491,21,2,2
491,26,2,2
491,14,2,2
491,5,1,2
492,12,1,1
492,53,1,1
492,47,2,1
492,2,1,1
492,6,2,1
492,58,2,1
492,7,1,1
492,27,1,1
492,16,1,1
492,24,1,1
493,86,2,2
493,20,2,2
493,9,1,2
493,39,2,2
493,15,2,2
493,3,2,2
493,6,2,2
493,4,1,2
493,27,1,2
493,5,1,2
494,15,2,1
494,3,1,1
494,4,2,1
494,1,1,1
494,10,1,1
494,46,1,1
494,14,1,1
494,41,1,1
494,12,1,1
494,5,2,1
495,34,2,2
495,3,1,2
495,17,2,2
495,41,2,2
495,6,2,2
495,5,2,2
495,4,1,2
495,9,2,2
495,10,2,2
495,8,2,2
496,52,1,1
496,6,2,1
496,4,2,1
496,28,1,1
496,51,1,1
496,18,1,1
496,13,1,1
496,20,1,1
496,29,1,1
496,15,2,1
497,20,2,2
497,50,2,2
497,52,1,2
497,29,2,2
497,2,2,2
497,22,2,2
497,7,2,2
497,32,2,2
497,15,2,2
497,3,2,2
498,14,2,1
498,10,1,1
498,1,2,1
498,76,2,1
498,94,2,1
498,17,1,1
498,20,2,1
498,26,1,1
498,25,2,1
498,30,1,1
499,44,2,2
499,12,2,2
499,18,2,2
499,6,1,2
499,11,2,2
499,17,2,2
499,31,2,2
499,1,1,2
499,28,2,2
499,58,2,2
500,1,1,1
500,9,2,1
500,3,1,1
500,22,2,1
500,45,1,1
500,6,2,1
500,11,1,1
500,43,1,1
500,37,1,1
500,4,1,1
501,11,2,2
501,5,2,2
501,21,1,2
501,38,2,2
501,34,1,2
501,6,1,2
501,41,2,2
501,1,1,2
501,10,2,2
501,17,2,2
502,19,2,1
502,3,1,1
502,21,2,1
502,37,1,1
502,14,2,1
502,22,1,1
502,30,1,1
502,54,1,1
502,7,1,1
502,9,1,1
503,20,2,2
503,36,2,2
503,22,1,2
503,2,2,2
503,24,2,2
503,29,2,2
503,6,2,2
503,55,2,2
503,107,1,2
503,8,2,2
504,4,2,1
504,23,1,1
504,58,1,1
504,28,2,1
504,52,2,1
504,22,2,1
504,16,1,1
504,17,1,1
504,7,1,1
504,70,1,1
505,7,1,2
505,9,1,2
505,25,2,2
505,8,2,2
505,61,2,2
505,10,1,2
505,19,2,2
505,1,1,2
505,15,2,2
505,17,2,2
506,46,2,1
506,6,1,1
506,15,1,1
506,27,1,1
506,83,2,1
506,23,2,1
506,4,2,1
506,35,1,1
506,25,1,1
506,8,1,1
507,61,2,2
507,4,2,2
507,8,2,2
507,22,1,2
507,38,2,2
507,17,2,2
507,3,2,2
507,25,2,2
507,5,2,2
507,10,2,2
508,36,1,1
508,14,1,1
508,62,2,1
508,7,1,1
508,2,1,1
508,41,1,1
508,3,1,1
508,5,1,1
508,22,2,1
508,43,2,1
509,63,2,2
509,25,2,2
509,10,2,2
509,42,2,2
509,5,1,2
509,90,1,2
509,16,2,2
509,23,1,2
509,19,2,2
509,24,2,2
510,15,1,1
510,14,2,1
510,10,1,1
510,31,1,1
510,13,2,1
510,4,2,1
510,8,1,1
510,6,1,1
510,28,1,1
510,26,1,1
511,24,2,2
511,65,1,2
511,4,2,2
511,41,2,2
511,19,1,2
511,52,2,2
511,56,2,2
511,59,2,2
511,21,1,2
511,14,2,2
512,31,1,1
512,37,2,1
512,3,1,1
512,14,1,1
512,1,1,1
512,18,1,1
512,99,1,1
512,36,1,1
512,6,1,1
512,19,1,1
513,55,2,2
513,10,2,2
513,4,2,2
513,14,2,2
513,23,2,2
513,9,2,2
513,15,2,2
513,17,2,2
513,8,2,2
513,43,1,2
514,29,2,1
514,20,2,1
514,45,2,1
514,3,1,1
514,6,2,1
514,11,1,1
514,30,2,1
514,1,2,1
514,26,1,1
514,36,1,1
515,18,2,2
515,3,2,2
515,5,1,2
515,45,1,2
515,9,2,2
515,15,2,2
515,74,2,2
515,1,2,2
515,61,2,2
515,16,2,2
516,38,1,1
516,39,1,1
516,9,1,1
516,4,1,1
516,21,1,1
516,31,1,1
516,36,2,1
516,2,1,1
516,1,1,1
516,16,1,1
517,55,2,2
517,62,1,2
517,27,1,2
517,15,2,2
517,22,2,2
517,52,2,2
517,6,1,2
517,11,1,2
517,20,1,2
517,4,2,2
518,2,1,1
518,26,1,1
518,91,2,1
518,35,1,1
518,11,1,1
518,1,2,1
518,12,1,1
518,57,2,1
518,4,2,1
518,16,1,1
519,4,2,2
519,8,2,2
519,7,2,2
519,60,2,2
519,51,1,2
519,6,2,2
519,24,2,2
519,87,2,2
519,3,2,2
519,46,1,2
520,36,1,1
520,2,1,1
520,7,1,1
520,9,2,1
520,16,1,1
520,6,2,1
520,12,2,1
520,43,1,1
520,24,1,1
520,18,1,1
521,8,2,2
521,5,1,2
521,13,1,2
521,16,2,2
521,25,1,2
521,1,1,2
521,18,2,2
521,49,2,2
521,33,2,2
521,43,2,2
522,3,1,1
522,12,2,1
522,35,2,1
522,68,1,1
522,88,1,1
522,6,1,1
522,15,1,1
522,34,1,1
522,57,1,1
522,66,1,1
523,6,2,2
523,88,2,2
523,55,2,2
523,36,1,2
523,47,1,2
523,45,1,2
523,28,2,2
523,17,2,2
523,18,2,2
523,75,2,2
524,31,1,1
524,6,1,1
524,15,1,1
524,1,1,1
524,18,1,1
524,65,1,1
524,9,1,1
524,66,1,1
524,23,1,1
524,60,1,1
525,26,2,2
525,82,2,2
525,55,2,2
525,24,2,2
525,14,2,2
525,35,2,2
525,57,1,2
525,12,2,2
525,37,1,2
525,32,2,2
526,7,1,1
526,11,2,1
526,9,1,1
526,16,1,1
526,1,2,1
526,33,1,1
526,20,2,1
526,5,1,1
526,3,1,1
526,8,1,1
527,6,2,2
527,30,2,2
527,46,2,2
527,11,2,2
527,27,2,2
527,5,2,2
527,106,1,2
527,2,2,2
527,44,2,2
527,39,2,2
528,53,1,1
528,13,1,1
528,57,1,1
528,4,2,1
528,20,1,1
528,29,1,1
528,14,1,1
528,103,2,1
528,3,1,1
528,106,1,1
529,10,2,2
529,7,2,2
529,11,1,2
529,40,1,2
529,4,2,2
529,16,2,2
529,26,2,2
529,36,2,2
529,20,1,2
529,15,2,2
530,34,2,1
530,46,1,1
530,25,1,1
530,5,1,1
530,24,1,1
530,33,2,1
530,21,1,1
530,23,1,1
530,13,1,1
530,1,1,1
531,12,1,2
531,3,1,2
531,85,2,2
531,36,2,2
531,4,2,2
531,17,1,2
531,56,2,2
531,13,1,2
531,5,2,2
531,30,2,2
532,8,1,1
532,64,2,1
532,56,1,1
532,4,2,1
532,16,1,1
532,53,1,1
532,42,2,1
532,10,1,1
532,2,1,1
532,20,1,1
533,4,1,2
533,23,1,2
533,2,1,2
533,42,1,2
533,11,2,2
533,21,1,2
533,9,2,2
533,46,1,2
533,7,1,2
533,115,2,2
534,36,1,1
534,6,2,1
534,16,1,1
534,11,1,1
534,20,1,1
534,14,2,1
534,45,1,1
534,26,1,1
534,34,1,1
534,105,1,1
535,33,2,2
535,5,1,2
535,37,2,2
535,30,2,2
535,19,2,2
535,22,1,2
535,4,1,2
535,11,1,2
535,10,2,2
535,17,2,2
536,67,1,1
536,19,1,1
536,88,1,1
536,56,2,1
536,32,1,1
536,34,2,1
536,1,1,1
536,4,1,1
536,38,1,1
536,26,1,1
537,2,2,2
537,14,1,2
537,25,2,2
537,23,1,2
537,6,1,2
537,28,2,2
537,21,1,2
537,22,2,2
537,51,2,2
537,4,2,2
538,40,1,1
538,19,1,1
538,15,1,1
538,6,2,1
538,32,1,1
538,20,2,1
538,3,1,1
538,50,2,1
538,27,1,1
538,4,2,1
539,78,1,2
539,28,2,2
539,3,1,2
539,7,2,2
539,18,2,2
539,1,2,2
539,27,2,2
539,16,2,2
539,63,1,2
539,25,2,2
540,37,1,1
540,47,2,1
540,24,1,1
540,11,1,1
540,35,2,1
540,2,1,1
540,90,1,1
540,49,1,1
540,26,1,1
540,25,2,1
541,102,1,2
541,2,2,2
541,4,2,2
541,66,1,2
541,10,2,2
541,23,2,2
541,22,2,2
541,18,2,2
541,31,2,2
541,34,1,2
542,6,2,1
542,8,1,1
542,25,1,1
542,7,1,1
542,34,1,1
542,13,2,1
542,12,2,1
542,1,2,1
542,19,1,1
542,16,1,1
543,28,2,2
543,1,1,2
543,3,2,2
543,5,1,2
543,9,2,2
543,32,2,2
543,10,1,2
543,29,1,2
543,13,2,2
543,114,2,2
544,65,2,1
544,24,1,1
544,6,1,1
544,2,1,1
544,4,1,1
544,15,1,1
544,53,1,1
544,14,1,1
544,3,1,1
544,19,1,1
545,5,1,2
545,1,2,2
545,24,2,2
545,2,2,2
545,16,2,2
545,26,1,2
545,9,1,2
545,21,2,2
545,10,2,2
545,54,2,2
546,4,2,1
546,38,1,1
546,50,1,1
546,6,2,1
546,8,1,1
546,7,1,1
546,21,1,1
546,5,2,1
546,27,1,1
546,53,1,1
547,71,2,2
547,1,1,2
547,57,1,2
547,34,2,2
547,32,2,2
547,26,2,2
547,18,2,2
547,4,2,2
547,31,2,2
547,30,2,2
548,19,1,1
548,49,1,1
548,1,1,1
548,34,1,1
548,14,2,1
548,2,1,1
548,3,1,1
548,52,2,1
548,17,1,1
548,56,1,1
549,3,1,2
549,21,2,2
549,5,2,2
549,30,1,2
549,39,2,2
549,35,2,2
549,4,2,2
549,19,2,2
549,28,1,2
549,2,2,2
550,28,2,1
550,10,1,1
550,12,1,1
550,37,1,1
550,14,1,1
550,6,1,1
550,34,2,1
550,40,1,1
550,46,2,1
550,47,1,1
551,7,2,2
551,30,1,2
551,56,1,2
551,8,2,2
551,31,2,2
551,50,2,2
551,20,1,2
551,41,2,2
551,3,2,2
551,2,2,2
552,59,1,1
552,22,2,1
552,45,1,1
552,14,2,1
552,53,1,1
552,8,1,1
552,58,1,1
552,1,1,1
552,61,1,1
552,30,1,1
553,17,2,2
553,3,1,2
553,22,2,2
553,29,2,2
553,10,2,2
553,85,2,2
553,25,1,2
553,5,2,2
553,11,2,2
553,18,2,2
554,33,2,1
554,61,1,1
554,4,2,1
554,27,1,1
554,16,2,1
554,26,1,1
554,34,2,1
554,54,2,1
554,2,1,1
554,40,1,1
555,8,2,2
555,7,2,2
555,74,2,2
555,23,1,2
555,27,2,2
555,6,2,2
555,10,2,2
555,5,1,2
555,39,2,2
555,20,1,2
556,29,1,1
556,21,2,1
556,33,1,1
556,43,1,1
556,1,2,1
556,25,1,1
556,28,1,1
556,5,2,1
556,17,1,1
556,3,1,1
557,10,1,2
557,37,2,2
557,39,2,2
557,2,1,2
557,36,1,2
557,20,2,2
557,23,2,2
557,3,2,2
557,12,1,2
557,5,2,2
558,16,1,1
558,2,1,1
558,28,1,1
558,9,1,1
558,56,2,1
558,1,2,1
558,45,2,1
558,15,1,1
558,22,1,1
558,12,2,1
559,10,1,2
559,19,2,2
559,22,2,2
559,3,2,2
559,32,2,2
559,1,2,2
559,4,2,2
559,2,2,2
559,28,1,2
559,47,1,2
560,12,2,1
560,63,1,1
560,13,2,1
560,16,1,1
560,1,1,1
560,50,2,1
560,9,1,1
560,11,1,1
560,74,1,1
560,20,2,1
561,2,2,2
561,14,1,2
561,30,2,2
561,4,1,2
561,41,2,2
561,9,2,2
561,5,2,2
561,19,2,2
561,17,2,2
561,24,1,2
562,66,2,1
562,29,1,1
562,26,1,1
562,7,1,1
562,14,2,1
562,20,1,1
562,3,2,1
562,12,2,1
562,11,1,1
562,8,2,1
563,32,2,2
563,38,2,2
563,2,2,2
563,9,2,2
563,22,1,2
563,40,1,2
563,28,2,2
563,23,1,2
563,21,1,2
563,26,2,2
564,6,1,1
564,3,1,1
564,33,1,1
564,14,1,1
564,27,1,1
564,43,2,1
564,2,1,1
564,39,1,1
564,20,2,1
564,12,1,1
565,33,2,2
565,10,1,2
565,15,2,2
565,59,2,2
565,35,1,2
565,6,2,2
565,14,2,2
565,1,2,2
565,20,2,2
565,21,2,2
566,49,1,1
566,3,1,1
566,34,1,1
566,13,2,1
566,10,1,1
566,17,1,1
566,38,1,1
566,81,1,1
566,51,1,1
566,6,1,1
567,13,1,2
567,24,2,2
567,10,1,2
567,49,2,2
567,2,2,2
567,3,2,2
567,11,2,2
567,63,2,2
567,109,2,2
567,1,1,2
568,55,1,1
568,42,1,1
568,8,1,1
568,22,2,1
568,10,2,1
568,20,1,1
568,5,1,1
568,7,1,1
568,16,1,1
568,65,1,1
569,21,2,2
569,82,2,2
569,31,2,2
569,12,1,2
569,20,2,2
569,38,2,2
569,5,1,2
569,14,2,2
569,2,2,2
569,15,2,2
570,34,2,1
570,10,1,1
570,5,1,1
570,13,1,1
570,37,1,1
570,14,2,1
570,1,2,1
570,44,1,1
570,2,1,1
570,28,2,1
571,69,2,2
571,15,1,2
571,3,1,2
571,53,2,2
571,21,1,2
571,18,2,2
571,11,2,2
571,70,1,2
571,6,2,2
571,5,1,2
572,10,2,1
572,12,2,1
572,1,1,1
572,49,1,1
572,33,2,1
572,51,1,1
572,11,1,1
572,27,1,1
572,4,2,1
572,7,1,1
573,5,1,2
573,18,1,2
573,95,1,2
573,33,2,2
573,31,2,2
573,25,1,2
573,35,2,2
573,23,2,2
573,11,1,2
573,26,2,2
574,4,1,1
574,84,1,1
574,39,1,1
574,9,1,1
574,28,1,1
574,49,2,1
574,13,2,1
574,19,1,1
574,12,1,1
574,60,2,1
575,19,2,2
575,27,2,2
575,34,2,2
575,24,2,2
575,15,1,2
575,4,1,2
575,20,2,2
575,42,2,2
575,22,2,2
575,31,1,2
576,7,2,1
576,16,1,1
576,25,1,1
576,20,1,1
576,23,2,1
576,68,1,1
576,14,1,1
576,38,1,1
576,26,1,1
576,8,1,1
577,2,2,2
577,11,2,2
577,9,1,2
577,15,2,2
577,31,2,2
577,6,2,2
577,4,1,2
577,16,2,2
577,21,2,2
577,5,2,2
578,3,2,1
578,15,1,1
578,19,2,1
578,5,1,1
578,55,1,1
578,21,2,1
578,20,2,1
578,99,1,1
578,1,1,1
578,72,1,1
579,6,2,2
579,31,2,2
579,12,1,2
579,24,2,2
579,10,2,2
579,36,2,2
579,3,2,2
579,1,2,2
579,7,2,2
579,13,2,2
580,15,2,1
580,88,1,1
580,19,1,1
580,26,2,1
580,3,1,1
580,32,1,1
580,2,1,1
580,1,1,1
580,7,1,1
580,12,1,1
581,5,1,2
581,9,2,2
581,20,2,2
581,1,2,2
581,23,1,2
581,40,2,2
581,42,2,2
581,12,1,2
581,31,2,2
581,10,1,2
582,23,1,1
582,38,1,1
582,15,1,1
582,6,2,1
582,7,1,1
582,16,1,1
582,1,1,1
582,10,1,1
582,4,1,1
582,27,1,1
583,10,2,2
583,7,2,2
583,26,2,2
583,12,2,2
583,2,2,2
583,6,1,2
583,3,2,2
583,1,1,2
583,8,2,2
583,13,2,2
584,9,1,1
584,56,2,1
584,4,2,1
584,45,2,1
584,49,1,1
584,23,2,1
584,25,1,1
584,15,1,1
584,24,1,1
584,3,2,1
585,54,1,2
585,17,2,2
585,10,2,2
585,38,2,2
585,20,2,2
585,16,2,2
585,3,2,2
585,7,2,2
585,25,2,2
585,27,2,2
586,14,2,1
586,42,1,1
586,33,2,1
586,57,1,1
586,1,2,1
586,27,2,1
586,40,1,1
586,23,2,1
586,9,1,1
586,7,2,1
587,20,1,2
587,19,2,2
587,40,1,2
587,26,2,2
587,3,2,2
587,4,1,2
587,45,2,2
587,5,2,2
587,28,2,2
587,29,1,2
588,11,1,1
588,57,1,1
588,17,1,1
588,6,1,1
588,86,1,1
588,38,1,1
588,76,1,1
588,33,1,1
588,24,1,1
588,20,2,1
589,5,1,2
589,22,1,2
589,15,2,2
589,16,2,2
589,37,1,2
589,11,2,2
589,60,2,2
589,4,1,2
589,25,2,2
589,24,2,2
590,12,2,1
590,1,2,1
590,40,1,1
590,98,2,1
590,9,1,1
590,63,1,1
590,29,1,1
590,55,1,1
590,51,1,1
590,45,2,1
591,35,2,2
591,26,2,2
591,23,1,2
591,100,2,2
591,24,2,2
591,14,2,2
591,10,1,2
591,22,2,2
591,6,2,2
591,7,2,2
592,28,1,1
592,19,1,1
592,22,1,1
592,77,1,1
592,9,1,1
592,38,1,1
592,63,1,1
592,40,1,1
592,17,1,1
592,18,1,1
593,16,2,2
593,5,1,2
593,14,2,2
593,17,2,2
593,51,2,2
593,37,1,2
593,26,1,2
593,12,2,2
593,9,1,2
593,19,1,2
594,18,2,1
594,27,1,1
594,57,1,1
594,5,1,1
594,3,2,1
594,1,1,1
594,2,1,1
594,13,1,1
594,10,2,1
594,46,2,1
595,31,2,2
595,3,2,2
595,73,1,2
595,37,2,2
595,59,2,2
595,4,2,2
595,22,1,2
595,38,2,2
595,1,2,2
595,13,2,2
596,12,1,1
596,7,1,1
596,6,1,1
596,1,1,1
596,13,1,1
596,15,2,1
596,5,1,1
596,40,1,1
596,33,1,1
596,4,2,1
597,27,1,2
597,8,2,2
597,52,1,2
597,12,1,2
597,13,1,2
597,26,2,2
597,14,1,2
597,53,2,2
597,36,2,2
597,3,1,2
598,7,2,1
598,36,1,1
598,31,1,1
598,9,1,1
598,16,1,1
598,46,1,1
598,2,1,1
598,4,1,1
598,28,1,1
598,12,1,1
599,11,1,2
599,32,2,2
599,5,1,2
599,53,2,2
599,30,2,2
599,10,2,2
599,1,2,2
599,24,2,2
599,44,2,2
599,13,2,2
600,22,1,1
600,26,1,1
600,39,2,1
600,2,1,1
600,88,1,1
600,5,1,1
600,17,1,1
600,1,1,1
600,13,2,1
600,4,2,1
601,41,2,2
601,26,2,2
601,4,2,2
601,5,1,2
601,12,2,2
601,29,2,2
601,1,2,2
601,16,2,2
601,120,2,2
601,11,2,2
602,29,1,1
602,20,2,1
602,66,2,1
602,5,2,1
602,24,1,1
602,8,1,1
602,35,1,1
602,64,2,1
602,4,1,1
602,14,1,1
603,82,1,2
603,13,1,2
603,8,2,2
603,24,2,2
603,46,2,2
603,17,2,2
603,4,1,2
603,20,1,2
603,10,1,2
603,5,2,2
604,34,1,1
604,6,2,1
604,1,1,1
604,54,1,1
604,10,1,1
604,38,1,1
604,31,1,1
604,19,1,1
604,24,1,1
604,3,1,1
605,44,1,2
605,22,1,2
605,8,2,2
605,12,2,2
605,29,2,2
605,26,2,2
605,19,2,2
605,20,2,2
605,61,1,2
605,2,2,2
606,45,1,1
606,16,1,1
606,64,1,1
606,4,2,1
606,17,1,1
606,3,1,1
606,5,1,1
606,15,1,1
606,7,1,1
606,10,1,1
607,111,1,2
607,9,2,2
607,11,2,2
607,7,2,2
607,39,2,2
607,10,2,2
607,48,2,2
607,20,1,2
607,12,2,2
607,18,2,2
608,7,1,1
608,10,1,1
608,6,1,1
608,54,1,1
608,41,1,1
608,2,1,1
608,31,1,1
608,18,1,1
608,15,1,1
608,8,1,1
609,38,2,2
609,11,1,2
609,33,2,2
609,10,1,2
609,9,2,2
609,8,2,2
609,18,2,2
609,17,2,2
609,5,2,2
609,27,2,2
610,26,2,1
610,55,1,1
610,40,2,1
610,4,1,1
610,7,1,1
610,41,1,1
610,3,1,1
610,12,2,1
610,24,1,1
610,8,1,1
611,55,2,2
611,14,2,2
611,1,2,2
611,40,2,2
611,2,2,2
611,18,1,2
611,24,2,2
611,4,2,2
611,17,2,2
611,5,2,2
612,8,1,1
612,7,1,1
612,19,1,1
612,1,1,1
612,33,2,1
612,5,1,1
612,14,1,1
612,10,1,1
612,57,1,1
612,54,2,1
613,19,1,2
613,2,2,2
613,59,2,2
613,5,2,2
613,6,2,2
613,26,2,2
613,27,2,2
613,78,2,2
613,1,2,2
613,96,2,2
614,12,2,1
614,56,2,1
614,10,2,1
614,45,2,1
614,27,1,1
614,5,2,1
614,6,1,1
614,14,1,1
614,16,1,1
614,15,2,1
615,3,2,2
615,16,2,2
615,18,1,2
615,21,1,2
615,7,2,2
615,49,2,2
615,1,1,2
615,19,1,2
615,29,2,2
615,24,2,2
616,22,1,1
616,4,2,1
616,7,1,1
616,11,2,1
616,21,2,1
616,5,1,1
616,63,1,1
616,40,2,1
616,10,2,1
616,2,1,1
617,15,2,2
617,13,2,2
617,41,2,2
617,4,1,2
617,33,2,2
617,35,1,2
617,12,2,2
617,3,2,2
617,16,2,2
617,25,1,2
618,10,1,1
618,7,1,1
618,11,1,1
618,6,1,1
618,42,2,1
618,1,1,1
618,14,1,1
618,44,1,1
618,39,1,1
618,33,2,1
619,7,2,2
619,34,2,2
619,2,2,2
619,17,2,2
619,28,2,2
619,3,2,2
619,22,1,2
619,8,2,2
619,48,2,2
619,31,2,2
620,31,1,1
620,16,1,1
620,22,1,1
620,64,1,1
620,49,1,1
620,24,1,1
620,17,1,1
620,1,1,1
620,12,2,1
620,10,1,1
621,3,2,2
621,46,1,2
621,27,2,2
621,40,2,2
621,24,2,2
621,47,2,2
621,7,1,2
621,110,2,2
621,66,2,2
621,87,2,2
622,13,1,1
622,3,2,1
622,15,1,1
622,26,1,1
622,60,1,1
622,91,1,1
622,47,1,1
622,6,1,1
622,99,2,1
622,1,1,1
623,29,2,2
623,8,2,2
623,7,2,2
623,92,1,2
623,3,2,2
623,9,1,2
623,10,2,2
623,50,1,2
623,42,2,2
623,19,1,2
624,37,1,1
624,6,1,1
624,2,1,1
624,21,2,1
624,38,1,1
624,1,1,1
624,19,2,1
624,13,1,1
624,9,1,1
624,10,1,1
625,23,1,2
625,8,2,2
625,2,2,2
625,10,2,2
625,20,2,2
625,21,2,2
625,5,1,2
625,31,2,2
625,90,2,2
625,7,2,2
626,19,1,1
626,20,1,1
626,11,1,1
626,18,1,1
626,6,1,1
626,2,1,1
626,44,2,1
626,14,1,1
626,55,1,1
626,15,1,1
627,9,2,2
627,32,2,2
627,17,2,2
627,16,2,2
627,5,1,2
627,3,1,2
627,2,1,2
627,13,2,2
627,59,2,2
627,31,2,2
628,3,1,1
628,26,1,1
628,61,2,1
628,21,1,1
628,8,1,1
628,39,2,1
628,9,2,1
628,37,2,1
628,27,2,1
628,10,1,1
629,43,1,2
629,18,2,2
629,19,2,2
629,5,2,2
629,2,2,2
629,4,1,2
629,23,2,2
629,20,2,2
629,11,1,2
629,16,2,2
630,11,1,1
630,21,1,1
630,12,1,1
630,16,1,1
630,17,1,1
630,1,1,1
630,33,1,1
630,19,2,1
630,28,1,1
630,15,1,1
631,3,1,2
631,6,1,2
631,4,1,2
631,22,1,2
631,10,2,2
631,25,2,2
631,15,2,2
631,77,1,2
631,84,2,2
631,2,2,2
632,27,2,1
632,21,2,1
632,3,1,1
632,116,1,1
632,10,1,1
632,16,1,1
632,9,1,1
632,56,2,1
632,26,2,1
632,4,2,1
633,33,1,2
633,5,1,2
633,72,2,2
633,23,2,2
633,13,1,2
633,3,2,2
633,29,2,2
633,67,2,2
633,8,2,2
633,22,1,2
634,13,1,1
634,4,1,1
634,41,1,1
634,63,1,1
634,16,1,1
634,29,1,1
634,8,1,1
634,35,1,1
634,31,1,1
634,65,1,1
635,27,2,2
635,20,1,2
635,8,2,2
635,35,1,2
635,37,2,2
635,2,1,2
635,21,2,2
635,39,2,2
635,13,2,2
635,46,2,2
636,13,1,1
636,11,1,1
636,4,2,1
636,44,2,1
636,14,1,1
636,1,1,1
636,6,2,1
636,23,2,1
636,60,1,1
636,31,1,1
637,10,1,2
637,8,2,2
637,29,2,2
637,5,2,2
637,24,2,2
637,20,1,2
637,15,1,2
637,25,2,2
637,1,1,2
637,6,2,2
638,4,1,1
638,5,2,1
638,10,1,1
638,21,2,1
638,15,1,1
638,11,1,1
638,7,1,1
638,59,2,1
638,19,1,1
638,28,1,1
639,2,2,2
639,43,1,2
639,13,2,2
639,54,1,2
639,25,2,2
639,20,1,2
639,10,2,2
639,19,2,2
639,32,2,2
639,15,1,2
640,1,2,1
640,25,1,1
640,29,1,1
640,18,1,1
640,31,1,1
640,43,2,1
640,53,1,1
640,24,1,1
640,3,2,1
640,15,1,1
641,4,1,2
641,60,2,2
641,22,1,2
641,34,2,2
641,14,2,2
641,32,2,2
641,38,2,2
641,26,1,2
641,21,1,2
641,7,2,2
642,1,2,1
642,12,1,1
642,13,1,1
642,4,1,1
642,8,1,1
642,51,1,1
642,39,1,1
642,100,2,1
642,27,1,1
642,11,1,1
643,15,2,2
643,3,2,2
643,1,2,2
643,25,1,2
643,18,2,2
643,20,2,2
643,2,2,2
643,46,1,2
643,27,2,2
643,21,1,2
644,18,1,1
644,31,1,1
644,9,1,1
644,24,1,1
644,62,1,1
644,27,2,1
644,20,1,1
644,2,1,1
644,1,1,1
644,39,2,1
645,14,1,2
645,9,1,2
645,28,2,2
645,4,2,2
645,6,1,2
645,43,2,2
645,59,1,2
645,29,2,2
645,50,2,2
645,27,2,2
646,31,1,1
646,45,2,1
646,5,1,1
646,6,1,1
646,10,1,1
646,7,2,1
646,18,1,1
646,26,2,1
646,20,2,1
646,78,1,1
647,12,2,2
647,3,2,2
647,4,2,2
647,6,2,2
647,35,2,2
647,39,1,2
647,5,1,2
647,34,2,2
647,27,2,2
647,23,2,2
648,15,1,1
648,86,1,1
648,47,2,1
648,13,2,1
648,2,1,1
648,30,1,1
648,88,1,1
648,9,1,1
648,3,1,1
648,65,1,1
649,18,2,2
649,27,2,2
649,49,1,2
649,50,2,2
649,14,1,2
649,23,2,2
649,32,1,2
649,21,1,2
649,13,2,2
649,20,2,2
650,14,1,1
650,29,1,1
650,34,2,1
650,7,1,1
650,25,1,1
650,16,1,1
650,26,1,1
650,5,2,1
650,3,1,1
650,39,2,1
651,6,2,2
651,26,2,2
651,4,1,2
651,32,2,2
651,10,2,2
651,16,2,2
651,31,2,2
651,9,1,2
651,42,1,2
651,12,2,2
652,39,1,1
652,2,1,1
652,41,1,1
652,8,1,1
652,65,1,1
652,111,2,1
652,46,1,1
652,5,2,1
652,76,2,1
652,4,1,1
653,48,2,2
653,14,1,2
653,28,2,2
653,1,2,2
653,9,2,2
653,34,1,2
653,6,2,2
653,20,2,2
653,8,2,2
653,11,2,2
654,64,1,1
654,31,1,1
654,16,1,1
654,12,2,1
654,87,1,1
654,4,2,1
654,2,1,1
654,11,1,1
654,56,1,1
654,21,1,1
655,23,1,2
655,9,2,2
655,29,2,2
655,4,2,2
655,21,2,2
655,1,2,2
655,38,2,2
655,10,2,2
655,78,2,2
655,11,2,2
656,28,1,1
656,25,1,1
656,41,1,1
656,34,1,1
656,94,2,1
656,15,1,1
656,47,2,1
656,6,1,1
656,4,1,1
656,2,1,1
657,29,2,2
657,21,1,2
657,43,1,2
657,19,2,2
657,3,2,2
657,6,2,2
657,5,1,2
657,30,1,2
657,25,1,2
657,32,2,2
658,13,2,1
658,16,1,1
658,20,2,1
658,2,1,1
658,33,2,1
658,7,1,1
658,40,2,1
658,10,1,1
658,23,1,1
658,27,1,1
659,11,2,2
659,35,2,2
659,12,2,2
659,3,2,2
659,26,2,2
659,28,2,2
659,14,2,2
659,24,2,2
659,4,2,2
659,7,2,2
660,24,1,1
660,40,1,1
660,7,1,1
660,50,1,1
660,11,2,1
660,23,1,1
660,33,1,1
660,29,1,1
660,1,1,1
660,15,2,1
661,7,2,2
661,58,1,2
661,55,2,2
661,3,2,2
661,14,2,2
661,12,1,2
661,72,1,2
661,9,2,2
661,49,1,2
661,30,2,2
662,11,2,1
662,5,1,1
662,37,2,1
662,15,1,1
662,43,1,1
662,2,1,1
662,29,1,1
662,24,1,1
662,21,1,1
662,28,2,1
663,14,2,2
663,21,2,2
663,20,1,2
663,10,2,2
663,27,2,2
663,1,2,2
663,43,1,2
663,15,2,2
663,8,2,2
663,16,2,2
664,33,1,1
664,4,1,1
664,58,1,1
664,17,1,1
664,14,2,1
664,16,1,1
664,28,1,1
664,41,1,1
664,18,2,1
664,7,1,1
665,33,2,2
665,3,2,2
665,27,1,2
665,7,2,2
665,20,2,2
665,6,2,2
665,13,1,2
665,65,1,2
665,32,2,2
665,25,2,2
666,14,2,1
666,6,1,1
666,21,1,1
666,26,2,1
666,31,1,1
666,78,1,1
666,16,1,1
666,51,1,1
666,4,2,1
666,39,1,1
667,2,2,2
667,24,2,2
667,10,2,2
667,28,2,2
667,34,2,2
667,89,2,2
667,29,2,2
667,6,2,2
667,5,2,2
667,25,1,2
668,40,2,1
668,10,1,1
668,19,1,1
668,16,1,1
668,3,1,1
668,32,1,1
668,18,1,1
668,50,1,1
668,33,1,1
668,8,1,1
669,1,1,2
669,63,2,2
669,58,2,2
669,10,2,2
669,27,2,2
669,18,2,2
669,19,2,2
669,9,1,2
669,5,2,2
669,83,2,2
670,60,1,1
670,6,2,1
670,25,1,1
670,40,2,1
670,26,1,1
670,4,1,1
670,18,1,1
670,9,2,1
670,16,1,1
670,7,2,1
671,9,1,2
671,27,1,2
671,7,2,2
671,6,2,2
671,1,1,2
671,18,2,2
671,55,2,2
671,8,2,2
671,25,2,2
671,11,1,2
672,38,1,1
672,72,1,1
672,33,1,1
672,9,2,1
672,54,2,1
672,64,2,1
672,17,1,1
672,1,2,1
672,6,2,1
672,16,1,1
673,9,1,2
673,1,2,2
673,28,1,2
673,27,2,2
673,98,2,2
673,5,1,2
673,10,2,2
673,19,2,2
673,22,2,2
673,67,2,2
674,16,1,1
674,13,1,1
674,6,1,1
674,1,2,1
674,40,1,1
674,38,1,1
674,47,1,1
674,41,1,1
674,23,1,1
674,112,1,1
675,2,2,2
675,4,1,2
675,1,2,2
675,7,2,2
675,33,1,2
675,14,2,2
675,6,1,2
675,54,2,2
675,13,1,2
675,3,1,2
676,13,1,1
676,10,1,1
676,4,2,1
676,3,1,1
676,2,1,1
676,24,1,1
676,9,1,1
676,17,1,1
676,82,2,1
676,65,1,1
677,6,2,2
677,39,1,2
677,47,2,2
677,8,2,2
677,37,1,2
677,14,1,2
677,13,1,2
677,64,1,2
677,7,2,2
677,15,2,2
678,10,2,1
678,38,1,1
678,18,1,1
678,37,2,1
678,19,1,1
678,2,1,1
678,31,1,1
678,36,1,1
678,9,1,1
678,6,1,1
679,5,2,2
679,20,2,2
679,15,2,2
679,6,1,2
679,2,2,2
679,16,2,2
679,13,2,2
679,24,2,2
679,70,1,2
679,51,2,2
680,28,1,1
680,2,1,1
680,9,2,1
680,1,1,1
680,22,2,1
680,49,1,1
680,47,2,1
680,15,1,1
680,3,1,1
680,31,2,1
681,1,2,2
681,5,2,2
681,23,2,2
681,3,2,2
681,7,2,2
681,49,2,2
681,25,2,2
681,24,2,2
681,6,1,2
681,9,2,2
682,25,2,1
682,16,1,1
682,46,1,1
682,51,1,1
682,18,1,1
682,36,1,1
682,14,1,1
682,6,2,1
682,7,1,1
682,20,1,1
683,83,1,2
683,37,2,2
683,39,1,2
683,41,2,2
683,12,2,2
683,24,2,2
683,5,1,2
683,4,2,2
683,30,2,2
683,6,2,2
684,51,1,1
684,21,2,1
684,2,1,1
684,12,1,1
684,31,1,1
684,19,2,1
684,26,1,1
684,18,2,1
684,23,1,1
684,42,1,1
685,36,2,2
685,13,1,2
685,12,2,2
685,11,2,2
685,10,2,2
685,7,2,2
685,117,1,2
685,33,2,2
685,19,2,2
685,34,2,2
686,4,2,1
686,8,1,1
686,14,1,1
686,54,1,1
686,3,1,1
686,30,1,1
686,12,1,1
686,27,2,1
686,13,1,1
686,1,2,1
687,14,1,2
687,7,2,2
687,20,2,2
687,10,2,2
687,19,2,2
687,6,2,2
687,63,2,2
687,68,1,2
687,3,2,2
687,56,1,2
688,4,1,1
688,6,1,1
688,20,1,1
688,19,1,1
688,14,1,1
688,75,1,1
688,13,2,1
688,8,1,1
688,26,2,1
688,2,1,1
689,2,2,2
689,18,2,2
689,4,1,2
689,3,2,2
689,24,2,2
689,6,2,2
689,23,1,2
689,16,2,2
689,12,2,2
689,14,2,2
690,36,1,1
690,1,1,1
690,3,1,1
690,24,1,1
690,50,2,1
690,72,2,1
690,48,1,1
690,14,1,1
690,40,1,1
690,28,2,1
691,60,2,2
691,20,2,2
691,13,2,2
691,35,1,2
691,31,2,2
691,10,1,2
691,45,1,2
691,28,2,2
691,8,2,2
691,33,1,2
692,9,2,1
692,5,2,1
692,10,2,1
692,15,1,1
692,3,2,1
692,4,2,1
692,17,1,1
692,65,1,1
692,18,2,1
692,53,2,1
693,46,1,2
693,12,1,2
693,56,2,2
693,4,2,2
693,1,1,2
693,14,1,2
693,47,1,2
693,20,1,2
693,8,1,2
693,36,2,2
694,20,2,1
694,1,2,1
694,7,1,1
694,31,1,1
694,10,1,1
694,39,2,1
694,21,2,1
694,37,1,1
694,18,1,1
694,15,2,1
695,30,2,2
695,75,2,2
695,1,2,2
695,6,2,2
695,2,2,2
695,19,1,2
695,39,2,2
695,31,2,2
695,3,2,2
695,11,1,2
696,9,2,1
696,8,1,1
696,1,1,1
696,11,2,1
696,26,1,1
696,38,1,1
696,22,1,1
696,72,1,1
696,33,1,1
696,4,2,1
697,9,2,2
697,51,2,2
697,15,1,2
697,12,2,2
697,46,2,2
697,11,2,2
697,3,2,2
697,18,2,2
697,40,2,2
697,17,2,2
698,3,1,1
698,67,1,1
698,24,1,1
698,4,1,1
698,20,2,1
698,15,1,1
698,5,1,1
698,17,1,1
698,7,1,1
698,35,2,1
699,13,2,2
699,76,2,2
699,11,2,2
699,57,2,2
699,6,1,2
699,27,2,2
699,23,2,2
699,39,1,2
699,8,2,2
699,2,1,2
700,22,2,1
700,28,2,1
700,39,1,1
700,54,1,1
700,8,1,1
700,66,1,1
700,10,2,1
700,2,1,1
700,1,2,1
700,7,2,1
701,19,2,2
701,24,2,2
701,2,2,2
701,69,2,2
701,4,1,2
701,6,2,2
701,53,2,2
701,14,2,2
701,11,2,2
701,7,2,2
702,29,1,1
702,19,2,1
702,11,2,1
702,17,1,1
702,4,2,1
702,44,2,1
702,15,1,1
702,35,2,1
702,13,2,1
702,58,1,1
703,8,1,2
703,13,2,2
703,15,1,2
703,9,2,2
703,3,2,2
703,34,2,2
703,2,2,2
703,5,2,2
703,1,2,2
703,14,2,2
704,22,2,1
704,9,2,1
704,15,1,1
704,84,1,1
704,7,1,1
704,14,2,1
704,45,1,1
704,11,1,1
704,24,1,1
704,18,1,1
705,8,2,2
705,5,2,2
705,26,2,2
705,44,2,2
705,32,2,2
705,7,2,2
705,14,2,2
705,16,2,2
705,31,1,2
705,71,2,2
706,21,2,1
706,3,2,1
706,19,1,1
706,10,2,1
706,43,2,1
706,30,1,1
706,15,1,1
706,17,1,1
706,31,1,1
706,23,2,1
707,5,2,2
707,8,2,2
707,35,2,2
707,22,1,2
707,4,1,2
707,12,1,2
707,15,2,2
707,23,1,2
707,7,2,2
707,26,1,2
708,14,1,1
708,56,1,1
708,1,1,1
708,13,1,1
708,65,1,1
708,11,2,1
708,27,1,1
708,22,1,1
708,29,1,1
708,19,2,1
709,39,2,2
709,7,2,2
709,25,1,2
709,2,2,2
709,55,2,2
709,6,1,2
709,3,2,2
709,72,2,2
709,32,2,2
709,5,2,2
710,47,1,1
710,10,1,1
710,31,1,1
710,6,1,1
710,13,1,1
710,3,1,1
710,27,1,1
710,5,1,1
710,32,1,1
710,25,1,1
711,25,2,2
711,20,1,2
711,17,2,2
711,102,2,2
711,8,2,2
711,10,2,2
711,78,2,2
711,30,2,2
711,42,1,2
711,2,2,2
712,32,1,1
712,4,1,1
712,10,1,1
712,7,1,1
712,44,1,1
712,51,1,1
712,6,1,1
712,29,1,1
712,2,1,1
712,14,1,1
713,18,2,2
713,12,1,2
713,44,2,2
713,35,2,2
713,10,2,2
713,7,2,2
713,27,1,2
713,5,1,2
713,26,2,2
713,46,2,2
714,17,2,1
714,15,1,1
714,14,2,1
714,16,1,1
714,50,2,1
714,8,1,1
714,51,1,1
714,28,1,1
714,64,1,1
714,41,1,1
715,4,1,2
715,3,1,2
715,13,2,2
715,32,2,2
715,46,1,2
715,7,2,2
715,5,2,2
715,10,1,2
715,23,1,2
715,49,2,2
716,3,1,1
716,19,1,1
716,73,1,1
716,2,1,1
716,16,1,1
716,76,1,1
716,25,2,1
716,27,1,1
716,43,1,1
716,32,2,1
717,6,2,2
717,29,2,2
717,64,1,2
717,8,2,2
717,10,1,2
717,3,2,2
717,72,2,2
717,38,2,2
717,2,2,2
717,15,2,2
718,5,1,1
718,32,1,1
718,22,1,1
718,70,2,1
718,64,1,1
718,25,1,1
718,3,1,1
718,4,2,1
718,84,2,1
718,8,1,1
719,38,2,2
719,44,2,2
719,40,2,2
719,15,2,2
719,51,2,2
719,13,2,2
719,58,1,2
719,32,2,2
719,11,2,2
719,26,2,2
720,34,1,1
720,29,1,1
720,64,1,1
720,11,1,1
720,38,1,1
720,1,1,1
720,3,1,1
720,4,2,1
720,17,1,1
720,41,1,1
721,14,1,2
721,47,1,2
721,17,2,2
721,40,1,2
721,55,2,2
721,53,2,2
721,26,2,2
721,8,2,2
721,10,1,2
721,19,2,2
722,4,2,1
722,38,1,1
722,55,1,1
722,12,1,1
722,22,1,1
722,78,1,1
722,36,1,1
722,27,2,1
722,11,1,1
722,3,2,1
723,23,2,2
723,43,2,2
723,8,2,2
723,35,2,2
723,10,2,2
723,47,2,2
723,64,1,2
723,22,1,2
723,51,1,2
723,9,1,2
724,14,1,1
724,18,1,1
724,35,1,1
724,26,1,1
724,40,2,1
724,5,1,1
724,6,1,1
724,7,1,1
724,11,1,1
724,8,1,1
725,28,2,2
725,7,2,2
725,3,2,2
725,13,2,2
725,39,2,2
725,8,2,2
725,14,1,2
725,34,2,2
725,18,2,2
725,9,2,2
726,46,1,1
726,19,2,1
726,3,2,1
726,1,2,1
726,4,2,1
726,8,1,1
726,29,1,1
726,13,2,1
726,12,2,1
726,38,1,1
727,24,2,2
727,44,2,2
727,14,1,2
727,8,2,2
727,56,2,2
727,16,2,2
727,33,2,2
727,32,2,2
727,92,2,2
727,21,2,2
728,52,2,1
728,3,1,1
728,10,1,1
728,7,1,1
728,6,1,1
728,2,1,1
728,5,2,1
728,14,2,1
728,18,1,1
728,22,1,1
729,65,2,2
729,3,1,2
729,120,2,2
729,32,2,2
729,7,2,2
729,5,2,2
729,23,1,2
729,16,2,2
729,1,2,2
729,83,2,2
730,9,1,1
730,2,1,1
730,26,1,1
730,18,1,1
730,6,1,1
730,11,2,1
730,79,1,1
730,30,1,1
730,1,1,1
730,62,1,1
731,28,2,2
731,25,2,2
731,18,2,2
731,42,2,2
731,16,2,2
731,1,2,2
731,6,2,2
731,3,2,2
731,19,1,2
731,8,2,2
732,10,1,1
732,32,1,1
732,60,1,1
732,55,1,1
732,36,1,1
732,42,1,1
732,1,1,1
732,11,1,1
732,19,1,1
732,70,1,1
733,17,2,2
733,38,2,2
733,5,2,2
733,42,2,2
733,104,2,2
733,37,1,2
733,10,2,2
733,33,2,2
733,16,2,2
733,2,2,2
734,56,2,1
734,6,2,1
734,1,1,1
734,26,1,1
734,22,1,1
734,18,1,1
734,10,1,1
734,8,1,1
734,28,2,1
734,42,1,1
735,33,2,2
735,73,2,2
735,50,1,2
735,2,2,2
735,12,2,2
735,14,2,2
735,31,2,2
735,49,2,2
735,20,1,2
735,45,2,2
736,1,2,1
736,5,1,1
736,10,1,1
736,32,1,1
736,8,1,1
736,6,2,1
736,26,1,1
736,11,2,1
736,39,1,1
736,15,1,1
737,11,2,2
737,13,2,2
737,4,2,2
737,19,2,2
737,2,2,2
737,22,1,2
737,7,2,2
737,18,2,2
737,55,2,2
737,23,2,2
738,31,2,1
738,39,1,1
738,16,1,1
738,2,1,1
738,18,1,1
738,24,1,1
738,26,1,1
738,27,1,1
738,48,1,1
738,4,1,1
739,29,2,2
739,39,2,2
739,18,2,2
739,21,2,2
739,47,1,2
739,5,2,2
739,35,2,2
739,3,2,2
739,12,2,2
739,28,1,2
740,11,2,1
740,18,1,1
740,65,1,1
740,3,1,1
740,38,1,1
740,49,1,1
740,33,1,1
740,41,1,1
740,1,1,1
740,39,1,1
741,6,2,2
741,61,1,2
741,27,1,2
741,13,2,2
741,46,1,2
741,18,2,2
741,20,2,2
741,23,1,2
741,2,2,2
741,42,2,2
742,3,1,1
742,33,2,1
742,1,1,1
742,12,1,1
742,5,1,1
742,34,1,1
742,8,1,1
742,2,1,1
742,41,1,1
742,17,1,1
743,17,2,2
743,23,1,2
743,10,2,2
743,2,2,2
743,3,2,2
743,18,1,2
743,14,2,2
743,6,2,2
743,7,2,2
743,41,2,2
744,24,1,1
744,42,2,1
744,18,1,1
744,25,2,1
744,14,2,1
744,13,1,1
744,29,1,1
744,33,2,1
744,35,1,1
744,45,1,1
745,33,2,2
745,19,2,2
745,22,2,2
745,8,2,2
745,2,2,2
745,11,2,2
745,29,2,2
745,5,2,2
745,35,2,2
745,6,2,2
746,84,2,1
746,17,1,1
746,73,1,1
746,42,1,1
746,10,1,1
746,24,2,1
746,35,1,1
746,13,2,1
746,7,1,1
746,16,1,1
747,22,1,2
747,5,1,2
747,40,2,2
747,28,2,2
747,34,1,2
747,25,1,2
747,12,2,2
747,85,2,2
747,43,2,2
747,14,1,2
748,22,1,1
748,10,2,1
748,84,1,1
748,17,1,1
748,11,1,1
748,42,1,1
748,5,1,1
748,23,1,1
748,52,2,1
748,16,1,1
749,6,2,2
749,11,1,2
749,2,2,2
749,9,1,2
749,56,1,2
749,16,2,2
749,14,1,2
749,28,2,2
749,26,1,2
749,8,2,2
750,1,2,1
750,11,1,1
750,36,2,1
750,12,2,1
750,118,2,1
750,3,1,1
750,5,1,1
750,46,1,1
750,9,2,1
750,15,1,1
751,71,2,2
751,20,1,2
751,12,1,2
751,11,1,2
751,13,1,2
751,36,2,2
751,42,2,2
751,2,2,2
751,68,1,2
751,24,2,2
752,15,1,1
752,78,1,1
752,14,1,1
752,38,1,1
752,66,2,1
752,40,1,1
752,56,2,1
752,18,1,1
752,55,1,1
752,5,2,1
753,17,2,2
753,26,1,2
753,18,2,2
753,15,2,2
753,10,2,2
753,3,1,2
753,31,2,2
753,28,1,2
753,48,2,2
753,4,1,2
754,31,2,1
754,29,1,1
754,41,1,1
754,12,1,1
754,30,1,1
754,18,1,1
754,24,1,1
754,94,2,1
754,3,1,1
754,4,1,1
755,2,2,2
755,24,2,2
755,29,2,2
755,6,2,2
755,9,1,2
755,21,2,2
755,34,2,2
755,3,2,2
755,4,2,2
755,17,2,2
756,49,1,1
756,13,1,1
756,19,1,1
756,29,1,1
756,47,1,1
756,24,1,1
756,7,1,1
756,85,1,1
756,40,1,1
756,4,1,1
757,31,2,2
757,8,2,2
757,39,2,2
757,3,1,2
757,20,2,2
757,17,2,2
757,34,1,2
757,25,2,2
757,16,2,2
757,7,2,2
758,6,1,1
758,29,1,1
758,25,2,1
758,18,1,1
758,11,2,1
758,31,2,1
758,1,2,1
758,2,2,1
758,33,1,1
758,15,1,1
759,41,2,2
759,4,2,2
759,15,2,2
759,5,2,2
759,10,2,2
759,9,1,2
759,38,2,2
759,19,2,2
759,2,2,2
759,7,2,2
760,7,1,1
760,32,1,1
760,80,1,1
760,24,1,1
760,10,2,1
760,52,1,1
760,11,2,1
760,6,1,1
760,18,1,1
760,38,1,1
761,14,2,2
761,1,2,2
761,2,2,2
761,7,2,2
761,61,1,2
761,35,2,2
761,19,2,2
761,3,1,2
761,15,1,2
761,25,2,2
762,43,1,1
762,30,2,1
762,40,1,1
762,16,1,1
762,103,1,1
762,6,1,1
762,2,1,1
762,7,1,1
762,12,1,1
762,5,2,1
763,8,2,2
763,30,2,2
763,21,1,2
763,1,1,2
763,15,2,2
763,9,2,2
763,37,2,2
763,4,2,2
763,10,2,2
763,2,2,2
764,4,2,1
764,16,1,1
764,7,1,1
764,40,1,1
764,2,1,1
764,29,1,1
764,8,1,1
764,1,1,1
764,11,2,1
764,5,2,1
765,7,2,2
765,13,2,2
765,40,2,2
765,20,2,2
765,22,2,2
765,4,1,2
765,36,2,2
765,28,2,2
765,46,2,2
765,12,2,2
766,9,2,1
766,4,2,1
766,35,1,1
766,21,2,1
766,68,1,1
766,12,1,1
766,37,1,1
766,25,1,1
766,10,1,1
766,49,1,1
767,6,2,2
767,2,2,2
767,41,2,2
767,30,2,2
767,11,2,2
767,5,1,2
767,9,2,2
767,7,2,2
767,32,2,2
767,42,2,2
768,13,2,1
768,33,2,1
768,3,1,1
768,44,2,1
768,15,1,1
768,2,1,1
768,11,1,1
768,24,1,1
768,41,1,1
768,8,1,1
769,7,2,2
769,3,1,2
769,15,2,2
769,4,1,2
769,20,1,2
769,11,2,2
769,78,2,2
769,36,2,2
769,26,1,2
769,44,2,2
770,3,2,1
770,7,1,1
770,2,1,1
770,14,1,1
770,21,1,1
770,12,1,1
770,10,1,1
770,29,1,1
770,54,1,1
770,4,1,1
771,27,2,2
771,31,2,2
771,30,2,2
771,3,2,2
771,26,2,2
771,21,1,2
771,14,2,2
771,43,2,2
771,37,2,2
771,65,2,2
772,17,1,1
772,11,2,1
772,9,1,1
772,19,1,1
772,6,1,1
772,33,1,1
772,8,1,1
772,4,2,1
772,5,1,1
772,21,2,1
773,47,2,2
773,1,1,2
773,34,2,2
773,2,2,2
773,41,2,2
773,27,2,2
773,4,1,2
773,53,2,2
773,86,2,2
773,17,2,2
774,19,1,1
774,4,2,1
774,23,2,1
774,13,1,1
774,54,2,1
774,16,1,1
774,41,1,1
774,24,1,1
774,28,1,1
774,85,1,1
775,4,2,2
775,37,1,2
775,9,2,2
775,2,2,2
775,7,2,2
775,6,2,2
775,5,1,2
775,15,2,2
775,60,2,2
775,40,2,2
776,30,1,1
776,7,1,1
776,29,1,1
776,11,1,1
776,2,2,1
776,10,2,1
776,16,1,1
776,81,1,1
776,3,1,1
776,20,1,1
777,9,2,2
777,7,2,2
777,15,1,2
777,51,1,2
777,47,2,2
777,43,1,2
777,6,1,2
777,5,1,2
777,18,2,2
777,24,2,2
778,4,2,1
778,13,1,1
778,1,1,1
778,10,1,1
778,31,2,1
778,63,2,1
778,16,1,1
778,42,2,1
778,55,1,1
778,22,1,1
779,19,2,2
779,39,1,2
779,1,1,2
779,12,2,2
779,47,2,2
779,3,2,2
779,16,2,2
779,11,2,2
779,34,2,2
779,2,1,2
780,41,1,1
780,3,2,1
780,45,1,1
780,8,1,1
780,36,1,1
780,26,1,1
780,33,1,1
780,27,1,1
780,9,1,1
780,4,2,1
781,21,2,2
781,4,2,2
781,33,2,2
781,1,2,2
781,8,2,2
781,17,2,2
781,16,2,2
781,3,2,2
781,22,1,2
781,20,1,2
782,3,2,1
782,31,1,1
782,7,1,1
782,47,1,1
782,14,1,1
782,38,1,1
782,17,1,1
782,52,1,1
782,13,1,1
782,6,1,1
783,7,1,2
783,13,2,2
783,46,1,2
783,6,1,2
783,2,2,2
783,14,1,2
783,18,2,2
783,19,2,2
783,3,1,2
783,4,2,2
784,14,1,1
784,1,1,1
784,6,1,1
784,9,1,1
784,7,2,1
784,91,1,1
784,4,2,1
784,8,1,1
784,30,2,1
784,13,1,1
785,28,2,2
785,42,2,2
785,6,2,2
785,13,1,2
785,65,1,2
785,5,1,2
785,53,2,2
785,11,2,2
785,9,2,2
785,20,2,2
786,16,1,1
786,10,2,1
786,7,2,1
786,46,1,1
786,66,1,1
786,19,1,1
786,81,1,1
786,51,1,1
786,14,2,1
786,37,2,1
787,29,2,2
787,69,2,2
787,23,2,2
787,32,2,2
787,14,2,2
787,33,1,2
787,12,1,2
787,22,1,2
787,21,2,2
787,13,2,2
788,3,1,1
788,6,2,1
788,13,1,1
788,12,1,1
788,4,1,1
788,10,1,1
788,43,1,1
788,31,1,1
788,34,1,1
788,25,1,1
789,50,2,2
789,19,2,2
789,2,2,2
789,48,2,2
789,76,1,2
789,12,2,2
789,16,2,2
789,23,1,2
789,14,2,2
789,7,2,2
790,6,1,1
790,45,2,1
790,10,1,1
790,9,2,1
790,11,1,1
790,5,2,1
790,85,1,1
790,13,2,1
790,7,1,1
790,71,1,1
791,28,2,2
791,13,2,2
791,26,2,2
791,11,1,2
791,21,1,2
791,10,2,2
791,8,2,2
791,33,2,2
791,3,2,2
791,60,2,2
792,16,1,1
792,2,1,1
792,54,2,1
792,14,2,1
792,42,1,1
792,35,1,1
792,39,1,1
792,1,1,1
792,41,1,1
792,8,1,1
793,37,2,2
793,14,1,2
793,29,2,2
793,52,2,2
793,36,2,2
793,9,2,2
793,6,2,2
793,58,2,2
793,23,2,2
793,10,1,2
794,14,1,1
794,2,1,1
794,15,1,1
794,8,1,1
794,7,1,1
794,4,1,1
794,34,2,1
794,1,2,1
794,18,1,1
794,9,1,1
795,34,1,2
795,52,2,2
795,32,1,2
795,24,2,2
795,31,2,2
795,41,2,2
795,15,2,2
795,19,2,2
795,49,2,2
795,68,2,2
796,11,1,1
796,1,1,1
796,4,1,1
796,9,1,1
796,34,1,1
796,55,1,1
796,36,2,1
796,46,1,1
796,5,2,1
796,8,1,1
797,21,1,2
797,33,2,2
797,60,2,2
797,15,1,2
797,1,1,2
797,3,2,2
797,11,2,2
797,17,2,2
797,2,2,2
797,13,2,2
798,3,1,1
798,13,1,1
798,41,1,1
798,9,2,1
798,6,1,1
798,48,1,1
798,19,2,1
798,27,1,1
798,1,2,1
798,74,1,1
799,25,2,2
799,11,2,2
799,10,2,2
799,47,2,2
799,41,2,2
799,16,2,2
799,20,1,2
799,28,1,2
799,12,2,2
799,8,2,2
800,29,1,1
800,59,2,1
800,2,1,1
800,8,1,1
800,25,1,1
800,23,1,1
800,22,1,1
800,6,2,1
800,15,1,1
800,17,1,1
